0	01X번호표시서비스
1	01X번호표시서비스해지방법
2	060발신차단서비스신청방법
3	060발신차단서비스해지방법
4	060비밀번호통화서비스신청방법
5	060정보료한도제신청방법
6	060정보료한도제해지방법
7	0카드
8	0캠퍼스
9	0틴5G요금제
10	0플랜라지요금제
11	0플랜미디엄요금제
12	0플랜슈퍼히어로
13	0플랜스몰요금제
14	0플랜요금제
15	0플랜히어로
16	0한동
17	5GXBig5혜택
18	5GX게임팩가입방법
19	5GX게임팩서비스
20	5GX게임팩오류조치방법
21	5GX게임팩쿠폰등록방법
22	5GX멤버십VIP프로모션
23	5GX스탠다드요금제
24	5GX요금제
25	5GX클럽T갤럭시S20반납조건
26	5GX클럽T갤럭시S20신청방법
27	5GX클럽T갤럭시S20해지방법
28	5GX클럽V50
29	5GX프라임요금제
30	5GX프로모션혜택
31	5GX플래티넘요금제
32	5GX휴대폰보험할인
33	5G가족모아데이터
34	5G기기변경
35	5G데이터함께쓰기프로모션
36	5G로밍가능휴대폰
37	5G로밍서비스
38	5G커버리지
39	5G클러스터
40	AR동물원
41	AR멤버십
42	bandLTE
43	band데이터6.5G요금제
44	band데이터요금제
45	band데이터퍼펙트S요금제
46	band데이터퍼펙트요금제
47	band어르신1.2G요금제
48	band어르신2.2G요금제
49	band어르신세이브요금제
50	band어르신요금제
51	baroBox옵션변경
52	baroBox임대
53	baroBox임대예약취소
54	baroBox잔여량조회
55	baro무료체험프로모션
56	baro요금제옵션변경
57	baro요금제잔여량확인
58	baro원패스기준시간
59	baro원패스옵션변경
60	baro원패스잔여량확인
61	baro원패스제공국가
62	baro프로모션충전
63	BoostPark
64	CLOUDBERRY
65	CLOUDBERRYPC버전
66	CLOUDBERRYWEB버전
67	CLOUDBERRY상품변경방법
68	CLOUDBERRY유료상품
69	CLOUDBERRY유료상품해지방법
70	EBS데이터비과금프로모션
71	EBS데이터팩
72	EBS데이터팩할인대상
73	FLO
74	FLO앤데이터
75	FLO앤데이터플러스
76	FLO앤데이터플러스해지방법
77	FLO앤데이터해지방법
78	FLO이용방법
79	FLO프로모션혜택
80	HDVoice
81	HDVoice이용방법
82	IPTV상품
83	JumpAR앱
84	JumpVR앱로그인방법
85	JumpVR앱소셜룸
86	JumpVR앱유료콘텐츠
87	JumpVR앱친구등록방법
88	JumpVR이용방법
89	LTE속도제어
90	LTE속도제어해제신청방법
91	LTE실버안심옵션
92	LTE안심옵션신청방법
93	LTE안심옵션해지방법
94	LTE팅안심옵션
95	mVoIP안내
96	New온가족플랜신청방법
97	NUGU
98	OCB포인트
99	oksusu
100	oksusu5GX관
101	OK캐쉬백요금납부
102	ONEstore고객센터
103	PASS세이프가드
104	PASS세이프가드해지방법
105	PASS신청방법
106	PASS해지방법
107	PUK번호확인방법
108	SKT5GX
109	SKT고객센터운영시간
110	SKT미납센터연락처
111	SKT이용약관
112	SKT콜렉트콜
113	SKT해지미납센터연락처
114	SK브로드밴드고객센터
115	SK텔레콤
116	SK텔레콤할인혜택
117	SK페이가맹점확인방법
118	SK페이가입방법
119	SK페이결제방법
120	SK페이고객센터
121	SK페이해지방법
122	SMSMMS발신자번호확인
123	SMS수신거부신청방법
124	T.um체험관
125	TAll케어
126	TAll케어플러스
127	TAll케어플러스150
128	TAll케어플러스200
129	TAll케어플러스80
130	TAll케어플러스i100
131	TAll케어플러스i150
132	TAll케어플러스i200
133	TAll케어플러스프로모션응모방법
134	TARS
135	TB끼리TV플러스
136	TB끼리온가족무료
137	TB끼리온가족프리
138	TB끼리한가족할인
139	TB인터넷
140	TB인터넷해지방법
141	TDAY
142	Thigh5적금
143	Thigh5적금시즌2가입방법
144	Thigh5적금시즌2해지방법
145	TloginSMS통보서비스
146	Tmap고객센터
147	TTab18공유요금제
148	TTab18요금제
149	TTab24공유요금제
150	TTab24요금제
151	TTab30공유요금제
152	TTab30요금제
153	TTab9요금제
154	Ttab단독요금제
155	TTab함께쓰기공유요금제
156	Twifi렌탈
157	T가드설치방법
158	T가드알림설정방법
159	T가드해지방법
160	T가족모아가족추가방법
161	T가족모아개요
162	T가족모아신청방법
163	T가족모아인증방법
164	T갤럭시클럽S105G
165	T건강습관
166	T건강습관신청방법
167	T건강지키미신청방법
168	T건강지키미해지방법
169	T괌사이판옵션변경
170	T괌사이판요금제잔여량확인
171	T끼리어르신요금제
172	T나는쇼핑포인트
173	T나는쇼핑포인트적립내역확인
174	T나는쇼핑포인트해지방법
175	T단기데이터프로모션
176	T데이터쿠폰구매방법
177	T데이터쿠폰등록기간
178	T데이터쿠폰사용기간
179	T데이터쿠폰잔액조회방법
180	T라이트할부
181	T렌탈반납방법
182	T로밍Biz요금제
183	T로밍HDVoice
184	T로밍HDVoice플러스
185	T로밍LTEPass
186	T로밍고객센터
187	T로밍데이터12시간
188	T로밍데이터12시간옵션변경
189	T로밍데이터12시간해지
190	T로밍데이터1만원/3만원/5만원
191	T로밍데이터잔여량확인
192	T로밍데이터충전
193	T로밍데이터충전해지
194	T로밍도착알리미
195	T로밍도착알리미옵션변경
196	T로밍실버무한톡옵션변경
197	T로밍올인원
198	T로밍음성사용량안내문자차단
199	T로밍청구내역서
200	T로밍카드
201	T로밍카드결제수단
202	T로밍카드고객센터
203	T로밍카드구매처
204	T로밍카드내역확인
205	T로밍카드등록방법
206	T로밍카드등록실패사유
207	T로밍카드선물
208	T로밍카드유효기간
209	T로밍카드잔액조회
210	T로밍카드타인양도
211	T로밍카드환불
212	T로밍콜키퍼
213	T링신청방법
214	T링플러스신청방법
215	T링플러스차단신청방법
216	T링플러스차단해지방법
217	T링플러스해지방법
218	T링해지방법
219	T멤버십구매상품상담센터
220	T모아쿠폰
221	T신용지키미
222	T신용지키미해지방법
223	T아이디
224	T아이디가입방법
225	T아이폰케어
226	T아이폰케어10
227	T아이폰케어12
228	T아이폰케어16
229	T아이폰케어신청방법
230	T아이폰케어프로모션
231	T아이폰케어해지방법
232	T아이폰클럽11
233	T아이폰클럽11반납조건
234	T아이폰클럽11신청방법
235	T아이폰클럽11해지방법
236	T아이폰파손12
237	T아이폰파손7
238	T아이폰파손9
239	T안심보상
240	T안심보안신청방법
241	T안심콜라이트신청방법
242	T안심콜라이트해지방법
243	T안심콜신청방법
244	T안심콜해지방법
245	T앱
246	T연락처이용방법
247	T와이파이존이용방법
248	T와이파이존찾기
249	T월드
250	T월드다회선등록방법
251	T월드무료문자이용방법
252	T월드아이디비번찾기
253	T월드위젯설치방법
254	T월드장기미사용
255	T월드지점방문예약
256	T전화baro
257	T전화T114기능
258	T전화그룹통화
259	T전화녹음파일확인방법
260	T전화설정방법
261	T전화스팸기능
262	T전화이용방법
263	T전화자동녹음기능
264	T전화콜라기능
265	T주식정보해지방법
266	T지원금약정
267	T지원금약정위약금
268	T청소년안심팩신청방법
269	T청소년안심팩해지방법
270	T쿠폰구매방법
271	T쿠폰등록방법
272	T쿠폰잔액조회방법
273	T통화매니저앱
274	T플랜맥스요금제
275	T플랜세이브요금제
276	T플랜스페셜요금제
277	T플랜안심2.5G요금제
278	T플랜안심4G요금제
279	T플랜에센스요금제
280	T플랜요금제
281	USIM기변방법
282	USIM카드교품방법
283	USIM카드구매방법
284	VIPpick잔여횟수확인방법
285	VR파손보험
286	VR팩배송조회방법
287	VR팩쿠폰등록방법
288	VR팩쿠폰발급방법
289	wavve
290	wavvego
291	wavvego이용기간
292	wavve부가서비스인증방법
293	wavve상품해지방법
294	wavve속도제어해제신청방법
295	wavve앤데이터신청방법
296	wavve앤데이터플러스신청방법
297	wavve앤데이터플러스해지방법
298	wavve앤데이터해지방법
299	wavve유료이용권해지방법
300	wavve이전방법
301	wavve코인확인방법
302	wavve콘텐츠팩가입방법
303	wavve콘텐츠팩플러스
304	wavve콘텐츠팩해지방법
305	wavve프로모션혜택
306	ZEM앱오류접수방법
307	ZEM앱위치권한요청
308	ZEM앱이용방법
309	ZEM플랜요금제지정번호추가
310	가입비
311	가입상담예약방법
312	가입정보조회
313	가족간명의변경
314	가족결합확인방법
315	가족나눔데이터
316	가족나눔데이터나눠쓰기
317	각종결합
318	각종약정
319	간편결제서비스
320	개명개칭방법
321	개별통화수신거부방법
322	개별통화수신거부신청방법
323	개별통화수신거부해지방법
324	개통대리점조회방법
325	개통이력단말기피해보상신청방법
326	고객보호비밀번호변경방법
327	고객보호비밀번호서비스
328	고객보호비밀번호서비스신청방법
329	고객보호비밀번호서비스해지방법
330	고액정보료이용정지
331	골드번호
332	골드번호당첨확인방법
333	골드번호프로모션
334	공공알림문자서비스신청방법
335	공공알림문자서비스해지방법
336	공시지원금확인방법
337	공인인증서등록방법
338	괌사이판프로모션
339	구글Play고객센터
340	국가유공자복지할인
341	국제전화발신금지
342	국제전화사업자선택
343	국제전화수신거부신청방법
344	국제전화수신거부해지방법
345	국제전화알림Biz레터링
346	국제전화청구주기
347	군장병전용요금제
348	군정지신청방법
349	군정지재신청방법
350	귀국후로밍해제방법
351	기어VR컨트롤러해결방법
352	기초생활수급자복지할인
353	기초연금수급자신청방법
354	내집처럼중국옵션변경
355	내집처럼중국플러스옵션변경
356	넘버플러스2
357	넘버플러스2신청방법
358	넘버플러스2해지방법
359	넘버플러스번호확인방법
360	뉴T끼리맞춤형요금제
361	뉴실버요금제
362	다자녀할인제도
363	단골고객관리해지방법
364	단말기교품
365	단말기일련번호확인방법
366	단말기자급제도
367	단말기철회
368	데이터PLUST쿠폰등록방법
369	데이터PLUST쿠폰유효기간
370	데이터SOS
371	데이터결합약정할인반환금
372	데이터결합약정할인신청방법
373	데이터결합약정할인해지방법
374	데이터로밍무조건허용
375	데이터로밍요금
376	데이터로밍일시허용
377	데이터로밍차단시WiFi이용
378	데이터로밍차단시통화문자이용
379	데이터로밍차단해지
380	데이터선물대상
381	데이터선물문의
382	데이터선물비용
383	데이터선물알림
384	데이터선물연령
385	데이터선물조르기방법
386	데이터선물취소
387	데이터슈퍼패스
388	데이터스테이션
389	데이터추가사용방법
390	데이터통화료상한제도
391	데이터플러스
392	데이터함께쓰기
393	동일신용카드수납제한
394	두툼포인트조회및사용
395	등기문자
396	라지요금제
397	레귤러요금제
398	레드커넥트신청방법
399	레드커넥트해지방법
400	레인보우개요
401	레인보우유효기간
402	레인보우적립
403	레인보우포인트확인
404	레터링설정방법
405	레터링신청방법
406	레터링해지방법
407	로그인보호서비스신청방법
408	로그인보호서비스해지방법
409	로그인플러스
410	로그인플러스해지방법
411	로밍생애최초프로모션
412	로밍요금확인시점
413	로밍일시허용
414	로밍중LTE데이터이용방법
415	로밍중mVoIP이용
416	로밍중USIM변경
417	로밍중국제전화카드사용
418	로밍중발신번호표시
419	로밍중인증문자수신
420	로밍중전화발신방법
421	로밍중착신전환사용
422	로밍중휴대폰기능사용요금
423	로밍중휴대폰분실신고
424	로밍통화내역열람
425	로밍통화요금발생시점
426	로밍폰임대
427	로밍폰임대예약취소
428	로밍폰임대옵션변경
429	로밍한사람간통화요금
430	롯데TELLO카드
431	롱패스옵션변경
432	롱패스잔여량확인
433	롱패스제공국가
434	리모콘신청방법
435	리모콘이용방법
436	리필데이터mVoIP(엠보입)
437	리필데이터공유
438	리필쿠폰문자통보
439	리필쿠폰사용내역확인방법
440	리필쿠폰선물문의
441	리필쿠폰안심옵션
442	리필쿠폰유효기간
443	리필쿠폰이월
444	리필쿠폰제공
445	리필쿠폰취소
446	마이스마트콜2
447	마이스마트콜2해지방법
448	멜론NUGU스트리밍클럽결제취소방법
449	멜론NUGU스트리밍클럽신청방법
450	멜론NUGU스트리밍클럽해지방법
451	멜론고객센터안내
452	멜론익스트리밍
453	멜론익스트리밍플러스
454	멜론익스트리밍플러스해지방법
455	멜론익스트리밍해지방법
456	멤버십발급비용
457	멤버십발급조건
458	멤버십사용내역확인방법
459	멤버십재발급취소
460	멤버십카드번호확인방법
461	명의도용접수방법
462	명의변경
463	모션인증
464	모션키신청방법
465	모션키해지방법
466	모션프리미엄결제방법
467	모션프리미엄신청방법
468	모션프리미엄해지방법
469	목소리인증
470	목소리인증해지방법
471	무료음성19요금제
472	무료음성28요금제
473	무료음성34요금제
474	무료음성44요금제
475	무료음성54요금제
476	무료음성64요금제
477	무료음성79요금제
478	무료음성94요금제
479	무료음성요금제
480	무선인터넷차단신청방법
481	무약정플랜신청방법
482	무조건소리샘
483	문자매니저신청방법
484	미납이용정지
485	미납직권해지
486	미디어&데이터팩신청방법
487	미디어&데이터팩해지방법
488	미디엄요금제
489	미성년자로밍
490	미성년자법정대리인정지
491	미성년자법정대리인정지해제방법
492	미성년자요금제변경방법
493	미성년자청구금액문자발송
494	미주패스옵션변경
495	미주패스잔여량확인
496	미주패스제공국가
497	바로픽업서비스
498	발신금지서비스신청방법
499	발신금지서비스해지방법
500	발신번호메모플러스신청방법
501	발신번호메모플러스해지방법
502	발신번호표시서비스신청방법
503	발신번호표시제한방법
504	발신번호확인서비스
505	번호도용문자차단신청방법
506	번호도용문자차단해지방법
507	번호변경방법
508	번호변경안내서비스신청방법
509	번호변경안내서비스연장
510	번호이동제도
511	법인본인확인비밀번호서비스신청방법
512	법인본인확인비밀번호서비스이용방법
513	법인본인확인비밀번호서비스해지방법
514	법인소액결제
515	법인소액결제이용한도
516	법정대리인동시통보
517	보보VR앱이용
518	보이는ARS해제방법
519	보험가입방법
520	보험보상
521	보험해지방법
522	복지할인
523	복지할인변경방법
524	본인요금제확인방법
525	부가서비스내역확인방법
526	분실안심990
527	분실안심990임대폰반납
528	분실안심990임대폰취소
529	분실안심990플러스신청방법
530	분실안심990플러스프로모션
531	분실안심990플러스해지방법
532	분실정지방법
533	분실정지수신기간연장방법
534	분실파손150
535	분실파손200
536	분실파손80
537	분실파손i150
538	분실파손i200
539	분실폰찾기
540	분실폰찾기알람기능
541	분실폰찾기위치조회
542	분실폰찾기잠금기능
543	분실폰찾기정보삭제
544	비밀번호통화신청방법
545	비밀번호통화이용방법
546	비밀번호통화해지방법
547	비즈링
548	비즈링설정방법
549	비즈링해지방법
550	빌레터앱설치방법
551	상담사칭찬경로
552	상품권요금납부
553	선물받은데이터사용방법
554	선물받은리필쿠폰소멸
555	선불폰
556	선불폰금액별이용기간
557	선불폰충전방법
558	선불폰충전취소방법
559	선택약정만료SMS발송시기
560	선택약정할인가입가능단말기조회방법
561	선택약정할인가입불가요금제
562	선택약정할인공제순서
563	선택약정할인반환금면제대상
564	선택약정할인반환금부과대상
565	선택약정할인제도가입조건
566	선택약정할인제도반환금확인방법
567	선택약정할인제도승계조건
568	선택약정할인제도신청방법
569	선택약정할인제도약정기간변경
570	선택약정할인제도재가입조건
571	선택약정할인제도해지방법
572	선택약정할인중복가입가능상품
573	세금계산서신청방법
574	세금계산서재발행방법
575	소리누리요금제
576	소리샘
577	소리샘비밀번호
578	소리샘청취방법
579	소액결제구매내역확인방법
580	소액결제업체PG사연락처
581	소액결제연체가산금
582	소액결제이용가능대상
583	소액결제이용제한방법
584	소액결제이용제한해제방법
585	소액결제취소방법
586	소액결제한도변경방법
587	소액결제한도확인방법
588	손누리링설정방법
589	손누리링신청방법
590	손누리링해지방법
591	손누리요금제
592	수납이력서재발행방법
593	스마트사인신청방법
594	스마트사인해지방법
595	스마트콜Pick신청방법
596	스마트콜Pick해지방법
597	스마트피싱보호
598	스마트피싱보호해지방법
599	스마트홈
600	스몰요금제
601	스미싱
602	스팸ARS차단플러스설정방법
603	스팸ARS차단플러스신청방법
604	스팸ARS차단플러스해지방법
605	스팸문자
606	스팸문자차단방법
607	스팸필터링
608	슬림요금제
609	습득정지해제방법
610	신규가입구비서류
611	신한T주거래적금
612	신한T주거래통장
613	실시간계좌이체방법
614	실시간요금상세내역
615	썸머페스티벌COOL혜택
616	아시아패스옵션변경
617	아시아패스잔여량확인
618	아시아패스제공국가
619	안심문자신청방법
620	안심문자해지방법
621	안심키퍼
622	안심키퍼해지방법
623	애플DCB결제내역확인방법
624	애플DCB결제수수료
625	애플DCB결제이용한도
626	애플DCB결제취소방법
627	애플DCB이용방법
628	앱스토어결제수단
629	에브리에어앱설치방법
630	엠세이퍼
631	연체가산금
632	열린멤버십
633	영업장위치확인
634	오큘러스
635	오토링
636	오토링설정방법
637	오토컬러링플러스
638	오토컬러링플러스설정방법
639	오토컬러링플러스신청방법
640	온가족할인가입년수확인
641	온가족할인신청방법
642	온가족할인율확인방법
643	요금납부내역확인방법
644	요금납부방법확인
645	요금납부일변경방법
646	요금안내서변경방법
647	요금안내서재발행방법
648	요금약정할인제도
649	요금제변경가능일알림서비스
650	요금제변경가능일알림신청방법
651	요금제변경방법
652	원키퍼신청방법
653	원키퍼해지방법
654	원플러스컬러링설정방법
655	원플러스컬러링신청방법
656	원플러스컬러링해지방법
657	웹발신알림
658	유럽패스옵션변경
659	유럽패스잔여량조회
660	유럽패스제공국가
661	유선상품서비스가능지역
662	유선상품설치장소변경방법
663	유선상품약정기간변경방법
664	유선상품할인반환금조회방법
665	유튜브자동결제해지방법
666	이동전화가입제한
667	이메일상담
668	이용계약증명서발급방법
669	이중납부
670	익명호수신거부신청방법
671	익명호수신거부해지방법
672	인터넷요금제
673	인터넷품질측정방법
674	인피니티요금제
675	일500건SMS발송제한
676	일본문자500
677	일자별잔여통화안내날짜변경방법
678	일자별잔여통화안내신청방법
679	임대로밍반납방법
680	임대폰신청방법
681	자녀데이터사용량조회방법
682	자녀요금조회방법
683	자녀요금통보서비스
684	자녀요금통보서비스해지방법
685	자동납부등록및변경
686	자동선물문의
687	자동선물발송시점
688	자동소액결제차단방법
689	자동소액결제차단해제방법
690	자동안심T로밍
691	자동안심T로밍데이터
692	자동안심T로밍데이터해지
693	자동안심T로밍음성
694	자동연결서비스신청방법
695	자동연결서비스이용방법
696	자동연결서비스해지방법
697	잔여약정기간조회방법
698	잔여할부조회방법
699	장기가입할인제도
700	장기미사용소액결제차단
701	장기미사용소액결제차단해제방법
702	장기일시정지
703	장기정지직권해지
704	장애인복지할인
705	재난문자방송서비스
706	재난문자방송서비스차단방법
707	전국민무한100요금제
708	전국민무한69요금제
709	전국민무한75요금제
710	전국민무한85요금제
711	전국민무한요금제
712	전화번호안심로그인해지방법
713	전화상담사연결
714	제조사AS센터연락처
715	제주도프리쿠폰구매방법
716	제휴카드할인
717	주말엔팅3.0G요금제
718	주말엔팅5.0G요금제
719	주말엔팅세이브요금제
720	주말엔팅요금제
721	주민등록번호정정
722	주식서비스
723	주식서비스해지방법
724	주식투자노트해지방법
725	중고기기변경방법
726	지켜줘서고마워현역플랜
727	지켜줘서고마워현역플랜포인트조회방법
728	진행중이벤트
729	집전화상품
730	차상위계층복지할인
731	착신금지서비스신청방법
732	착신금지서비스해지방법
733	착신전환신청방법
734	착신전환이용방법
735	착신전환해지방법
736	채팅플러스
737	채팅플러스계좌송금서비스
738	채팅플러스해지방법
739	척척할인신청방법
740	청구서전환해제방법
741	청구주소변경방법
742	초콜릿
743	최근사용량확인방법
744	충전용품임대
745	친구찾기신청방법
746	친구찾기위치조회방법
747	친구찾기해지방법
748	컨트리락해제
749	컬러링라이트설정방법
750	컬러링라이트신청방법
751	컬러링설정방법
752	컬러링신청방법
753	컬러링플러스2설정방법
754	컬러링플러스2신청방법
755	컬러링플러스2해지방법
756	컬러링해지방법
757	코로나19
758	콘텐츠결제취소방법
759	콘텐츠구매내역확인방법
760	콘텐츠이용가능대상
761	콘텐츠이용요금조회방법
762	콘텐츠이용한도변경방법
763	콘텐츠한도확인방법
764	콜렉트콜차단해제방법
765	콜링신청방법
766	콜링플러스
767	콜링플러스해지방법
768	콜링해지방법
769	콜미프리신청방법
770	콜미프리해지방법
771	콜백플러스신청방법
772	콜백플러스해지방법
773	콜키퍼신청방법
774	콜키퍼플러스신청방법
775	콜키퍼플러스해지방법
776	콜키퍼해지방법
777	쿠폰고객센터
778	퀵보이스신청방법
779	퀵보이스이용방법
780	퀵보이스즉시전달차단
781	퀵보이스해지방법
782	타사고객baroBox이용
783	타통신사고객센터
784	태블릿번호확인방법
785	통신과금선결제이용가능대상
786	통신과금선결제이용방법
787	통신과금선결제취소방법
788	통신과금자동선결제가능횟수
789	통신과금자동선결제신청방법
790	통신과금자동선결제해지방법
791	통합청구서
792	통화내역열람방법
793	통화중대기신청방법
794	통화중대기해지방법
795	티카라이프개요
796	티카라이프재가입
797	팅요금제자동변경시기
798	팅요금충전방법
799	패밀리요금제
800	퍼펙트콜라이트신청방법
801	퍼펙트콜라이트해지방법
802	편의점요금납부
803	포켓파이
804	포켓파이번호확인방법
805	포켓파이사용량확인방법
806	폰기능상담24
807	폰기능상담24해지방법
808	표준요금제
809	프리미엄패스1
810	한중일패스옵션변경
811	한중일패스잔여량확인
812	한중일패스제공국가
813	할부금중도납부방법
814	해리포터AR
815	해외MMS서비스
816	해외SMS발신금지서비스
817	해외SMS서비스
818	해외체류장기일시정지신청방법
819	해지미환급금조회방법
820	행복AS
821	현금영수증발급방법
822	회선해지방법
823	후청구요금
824	휴대폰간편로그인신청방법
825	휴대폰간편로그인해지방법
826	휴대폰개통일확인방법
827	휴대폰결제비밀번호등록방법
828	휴대폰결제비밀번호신청방법
829	휴대폰결제비밀번호해지방법
830	휴대폰결제이용동의방법
831	휴대폰결제이용차단신청방법
832	휴대폰결제이용차단해지방법
833	휴대폰구매방법
834	휴대폰렌탈
835	휴대폰보호서비스신청방법
836	휴대폰보호서비스해지방법
837	휴대폰소액결제
838	휴대폰안심결제해지방법
839	휴대폰인증서서비스
840	휴대폰인증서해지방법
841	휴대폰할부
842	010전환번호변경
843	3G/2G/GSM자동로밍
844	5GTab공유
845	5gxvr팩
846	5GX체험존찾기
847	5GX클럽노트10
848	5G스마트워치TAB할인
849	5G요금제2ndDevice가입
850	A/S센터찾기
851	ARS상담이용안내
852	BandYT요금제리스트
853	BtvNew스마트
854	Btv스마트Plus
855	Btv프라임
856	Btv프라임캐치온
857	Data인피니티
858	IPTV서비스해지신청안내
859	IPTV서비스해지신청현황
860	LTE데이터사용요금
861	LTE요금제
862	LTE자동로밍
863	M고객센터
864	NEW온가족플랜
865	OK캐쉬백T포인트납부
866	SKPAY관리
867	SKPAY납부
868	T+B인터넷개인형
869	T+B전화인터넷전화개인형
870	TB결합상품해지
871	TB끼리온가족프리혜택변경
872	TGiga+WiFi
873	TGigaWiFi
874	TGiga라이트WiFi
875	TGiga인터넷
876	TGiga인터넷라이트
877	TGiga프리미엄
878	TGiga프리미엄+WiFi1.7G
879	TGiga프리미엄X2.5
880	TTL절친10요금제
881	TTL지역할인+요금제
882	TTL지역할인요금제
883	TTL캠퍼스10요금제
884	TTL커플요금제
885	T가족모아데이터
886	T가족모아데이터공유설정
887	T가족모아이번달공유내역
888	T광랜+WiFi
889	T끼리plus할인
890	T끼리온가족할인
891	T단기데이터쿠폰구매
892	T데이터세어링USIM해지하기
893	T로밍OnePass카드구매
894	T로밍미주패스리스트
895	T로밍서비스이용방법
896	T로밍아시아패스
897	T로밍유럽패스카드구매
898	T로밍이용안내
899	T로밍카드쿠폰구매내역
900	T로밍카드쿠폰구매하기
901	T로밍쿠폰등록
902	T로밍한중일패스
903	T멤버십이용
904	T스마트광랜
905	T아이디회원정보관리
906	T안심콜라이트
907	T월드App이용가이드
908	T월드다이렉트이용
909	T포인트납부예약
910	T플랜시니어
911	T플랜시니어세이브
912	T플랜시니어스페셜
913	T플랜시니어안심2.8G
914	T플랜시니어안심4.5G
915	T플랜시니어에센스
916	가까운매장
917	가려진정보확인
918	가입상담예약
919	가입신청내역조회
920	간편결제SKPAY납부내역
921	개인정보보호
922	개인정보유효기간
923	개통정보조회
924	갤러리
925	건강걷기
926	결제비밀번호
927	결합상품가입상담예약
928	결합상품가족등록
929	결합상품가족선택
930	결합상품리스트
931	결합상품피해예방
932	결합할인
933	계좌정보수정
934	과납내역환불
935	과납환불신청처리내역
936	구매혜택
937	기기상환상세정보
938	기기자급제도
939	기부금/후원금조회
940	나의가입정보
941	나의결합상품
942	나의부가서비스
943	나의혜택/할인
944	내유심으로SK텔레콤기기사용
945	내폰끼리결합
946	다이렉트휴대폰구매
947	다이렉트휴대폰배송
948	단일위약금제도안내
949	대리인간양도하기
950	데이터1회충전
951	데이터공유
952	데이터무제한대상캠퍼스
953	데이터부족
954	데이터사용설정
955	데이터사용요금안내
956	데이터사용유의사항
957	데이터사용차단
958	데이터요금제추천
959	데이터자동충전
960	데이터초과
961	데이터한도요금제충전
962	레인보우포인트 상세 내역
963	레인보우포인트납부예약
964	로그인제한
965	로밍전용요금제
966	리모콘신청
967	맞춤할인
968	메모리해킹주의보
969	멤버십구매상품
970	명의도용피해예방
971	모바일T멤버십
972	무약정플랜포인트내역
973	문자알림서비스
974	미성년자가입
975	미성년자보호서비스
976	미신청내역계좌등록
977	바른로밍Festival
978	버튼식ARS
979	번호관리제도
980	번호변경안내서비스
981	번호변경안내서비스신청
982	법인명의태블릿다회선등록
983	법인명의회선관리안내
984	법인명의회선등록
985	법인명의휴대폰번호삭제
986	보이는ARS
987	보호자회선조회
988	부가서비스리스트
989	부가세포함
990	분실보상
991	분실신고
992	사은품조회
993	서비스가능지역조회
994	서비스문의
995	선불이동전화카드금액안내
996	선불폰충전내역
997	세금계산서이메일전송
998	세금계산서팩스전송
999	소액결제SKpay선결제
1000	소액결제실시간계좌이체선결제
1001	소액결제피해예방
1002	소액결제한도변경
1003	스마트콜Pick
1004	스마트폰교실
1005	스마트폰보안수칙
1006	스마트폰초보
1007	스마트폰활용
1008	스미싱피해예방
1009	스팸메시지대응방법
1010	시그니처워치
1011	아이안전
1012	안심백업
1013	약정할인기기상환정보
1014	영상통화요금
1015	온가족행복플랜
1016	올인원팅44
1017	요금기준
1018	요금안내서반송내역
1019	요금안내서설정
1020	요금안내서재발행
1021	요금제리스트
1022	요금제변경가능일알림서비스해지
1023	요금제비교
1024	요금할인
1025	월별상세할인내역
1026	유심잠금해제
1027	유용한부가서비스리스트
1028	음성1회충전
1029	음성1회충전내역확인
1030	음성인식ARS
1031	음성자동충전
1032	이메일상담내역
1033	이메일상담하기
1034	이벤트
1035	이용자피해예방가이드리스트
1036	이용자피해예방관련사이트
1037	이용자피해예방센터
1038	이용한도설정
1039	인터넷상품리스트
1040	인터넷전화IPTVB끼리무료통화대상자조회
1041	인터넷전화IPTV망작업SMS알림신청
1042	인터넷전화IPTV상품변경
1043	인터넷전화IPTV서비스문의
1044	인터넷전화IPTV신청내역
1045	인터넷전화IPTV약정기간변경내역확인
1046	인터넷전화IPTV일시정지해제
1047	인터넷전화IPTV통화품질상담
1048	인터넷전화번호이동신청현황
1049	임대폰/기기변경
1050	자녀실시간사용요금
1051	자녀요금관리
1052	자녀충전허용금액변경
1053	자녀휴대폰사용
1054	자동납부통합인출해지
1055	자동납부해지
1056	자동선결제변경및해지
1057	자동선결제신청
1058	장기가입할인혜택
1059	장기일시정지재신청
1060	장기일시정지재신청취소
1061	장기일시정지해제
1062	장애A/S신청현황
1063	전체혜택
1064	정보보호수칙
1065	제주도프리구매
1066	제휴브랜드
1067	주문번호조회
1068	주소및연락처변경
1069	지점대리점찾기
1070	지정할인요금제
1071	집전화번호변경
1072	차단설정및내역
1073	참여혜택
1074	첫로밍할인프로모션
1075	최신이용자피해예방
1076	커플번호조회
1077	커플번호확인
1078	컨시어지서비스자세히보기
1079	코딩교실
1080	콘텐츠이용요금SKpay선결제
1081	콘텐츠이용요금실시간계좌이체선결제
1082	콜기프트사용요금조회
1083	쿠키즈팅포인트
1084	클라우드보안방법
1085	클럽T스탠다드
1086	탈퇴안내
1087	태블릿데이터사용
1088	통합공유데이터
1089	통화품질상담
1090	팅/쿠키즈/안심음성요금자동충전
1091	팅/쿠키즈/안심음성요금충전권한변경내역
1092	팅/쿠키즈/안심음성요금충전차단안내
1093	팅요금제충전선물
1094	팅주니어표준
1095	파밍피해예방법
1096	파손보상
1097	포인트합산
1098	할인반환금조회
1099	해외로밍피해예방법
1100	해외여행종료
1101	해외여행팁
1102	행복커뮤니티센터
1103	현금영수증발행내역
1104	회선관리
1105	회원정보
1106	휴대폰
1107	휴대폰가입
1108	휴대폰결제안심통보
1109	휴대폰요금기준안내
1110	휴대폰통화품질상담
1111	휴면고객제도
1112	T멤버십Gold혜택문의
1113	T멤버십Silver혜택문의
1114	T멤버십VIPPICK혜택문의
1115	T멤버십VIP등급기준문의
1116	T멤버십VIP영화예매문의
1117	T멤버십VIP요금제명문의
1118	T멤버십VIP요금제이용문의
1119	T멤버십VIP혜택문의
1120	T멤버십가입오류문의
1121	T멤버십등급기준문의
1122	T멤버십사용처문의
1123	내맘대로플러스문의
1124	미래시점일시정지해제
1125	FAQ_미지원
