287	010 4910 9161 명의는	가입정보조회
288	010-4626-3496 할인요금은 얼마인가요	월별상세할인내역
289	010-8719-6747 송호준 아들 요금 조회	자녀요금조회방법
290	060 차단 서비스 신청해줘	060발신차단서비스신청방법
291	0캠퍼스	0캠퍼스
292	0캠퍼스 제휴 플로 이용권 할인이 적용되어있는 상태인가요?	0캠퍼스
293	0플랜	0플랜요금제
294	0플랜 100기가와 t플랜 100기가 차이점 알려줘	요금제비교
295	0플랜 라지	0플랜라지요금제
296	0플랜 라지 변경 후 요금	0플랜라지요금제
297	0플랜 라지 요금제	0플랜라지요금제
298	0플랜 라지 요금제는 뭐야?	0플랜라지요금제
299	0플랜 라지 혜택 변경	0플랜라지요금제
300	0플랜 선택약정	선택약정할인제도신청방법
301	0플랜 요금제	0플랜요금제
302	0플랜 혜택	0플랜요금제
303	0플랜 flo데이터	FLO이용방법
304	0플랜라지로 요금제 변경 시 매달 요금이 궁금합니다	0플랜라지요금제
305	0플랜라지인데 웨이브요금 청구가 왜되는거지?	0플랜라지요금제
306	0플랜슈퍼히어로 기간	0플랜슈퍼히어로
307	0플랜스몰요금제는 2GB다 쓰고 나서도 데이터가 무제한이니?	0플랜스몰요금제
308	0플렌	0플랜요금제
309	0플렌 요금제 설명해줘	0플랜요금제
310	0한동	0한동
311	0한동 이용했는데 플로,웨이브 할인이 안됐어요	0한동
312	0한동 할인	0한동
313	0한동 할인 적용?	0한동
314	0한동이 뭐야	0한동
315	1/5에 기기변경했는데 기기값이 아직 1개월 남은 이유가 궁금합니다.	잔여할부조회방법
316	11시 이후에 인터넷이 느려져요	인터넷전화IPTV통화품질상담
317	11월 요금 세부내역	월별상세할인내역
318	12만원나가고또나갓다고요	이중납부
319	12월 소액결제 내역	소액결제구매내역확인방법
320	12프로 기기변경	5G기기변경
321	1년 약정가입가능할까요?	선택약정할인제도약정기간변경
322	1년 재약정	선택약정할인제도재가입조건
323	1년간 요금	요금납부내역확인방법
324	1년계약으로 선택약정해주세요	선택약정할인제도신청방법
325	1월 결제내역 중 소액결제 부분만 미리 납부할 수 있을까요?	소액결제실시간계좌이체선결제
326	1월 납부 되었나요?	요금납부내역확인방법
327	1월 부가사용 내역	부가서비스내역확인방법
328	1월 부가사용금액이 뭐야	부가서비스내역확인방법
329	1월 소액결제 선결제하고싶어	소액결제실시간계좌이체선결제
330	1월 요금 납부 됐는지 봐줘	요금납부내역확인방법
331	1월 요금 납부현황	요금납부방법확인
332	1월달 핸드폰 요금이2번이나 나가서요?	이중납부
333	1월달에 소액결제 2번냇다구여 요금	이중납부
334	1월달에 이중출금 된거 2월달에 그만큼 빼준다고 햇는데 왜 안빼주나여?	과납내역환불
335	1월에 음성리필 안된건가요?	리필쿠폰사용내역확인방법
336	1월에 쿠폰 사용안된건가요?	리필쿠폰사용내역확인방법
337	1월요금 납부 되었나요?	요금납부내역확인방법
338	1월요금 납부확인	요금납부내역확인방법
339	2019년 납부내역조회	요금납부내역확인방법
340	2020년 9월 변경한 요금제?	나의가입정보
341	24개월 선택약정 할인	선택약정할인제도재가입조건
342	24시간 고객센터	폰기능상담24
343	25% 요금할인	선택약정할인제도신청방법
344	25%요금약정할인	선택약정할인제도신청방법
345	25%요금할인	선택약정할인제도신청방법
346	25%요금할인가입	선택약정할인제도신청방법
347	25%할인	선택약정할인제도신청방법
348	25%할인요금제	선택약정할인제도신청방법
349	25퍼센트 요금할인방법	선택약정할인제도신청방법
350	25프로활인	요금약정할인제도
351	26 일까지납부	요금납부일변경방법
352	2월 청구요금 중 애플서비스 요금이 많던데 그게 뭔가요?	T아이폰케어해지방법
353	2월 요금 납부 완료했는데 확인해 줘	요금납부내역확인방법
354	2월 요금 납부했어?	요금납부내역확인방법
355	2월 요금내역서 팩스로 받고 싶어요	요금안내서재발행
356	2월 요금안내서를 팩스로받고싶어	요금안내서재발행
357	2월 요금이 납부됬는지 확인하고 싶어요	요금납부내역확인방법
358	2월 청구 요금 자동이체	자동납부등록및변경
359	2월 청구금은 언제 출금되?	요금납부일변경방법
360	2월 청구된 요금은 언제까지?	요금납부일변경방법
361	2월 청구요금 나오기전에 소액선결제 미리안되나요?	소액결제실시간계좌이체선결제
362	2월달 요금 얼마 나왔어?	요금납부내역확인방법
363	2월부가서비스	부가서비스내역확인방법
364	2월에 청구된 요금 며칠날 빠져나가?	요금납부일변경방법
365	2월에청구된 요금안내서 재발행	요금안내서재발행
366	3월 소액결제 내역	소액결제구매내역확인방법
367	40000원 할인쿠폰 적용됬나요	월별상세할인내역
368	42800원 돌려줘야죠	과납내역환불
369	42800원 소액결제 1월달꺼 이중출금됫는데여	이중납부
370	45,000원 이상 lte요금제	LTE요금제
371	45,000원 이상 lte요금제 뭐가 있을까	LTE요금제
372	4g 요금제로 바꾸고 싶어요	LTE요금제
373	4g요금제 5g사용자한테 데이터 선물 가능한가요?	데이터선물문의
374	50%요금할인	SK텔레콤할인혜택
375	50기가요금제	요금제리스트
376	5g 가족모아	5G가족모아데이터
377	5g 나눠쓰기	데이터함께쓰기
378	5g 데이터	5GX요금제
379	5g 사용 가능?	5G기기변경
380	5G 사용시작	5GX요금제
381	5G 요금제 슬림으로 바꾸고 싶어요	요금제변경방법
382	5g 요금제 lte함께쓰기	데이터함께쓰기
383	5g 요금제가 뭐가 있나 알려줘	5GX요금제
384	5G 프라임 FLO	5GX프라임요금제
385	5g 휴대폰 보험할인	보험보상
386	5G 휴대폰보험 할인 혜택	5GX휴대폰보험할인
387	5G 휴대폰보험할인	5GX휴대폰보험할인
388	5g X클럽 해제 할수있을까요?	5GX클럽T갤럭시S20해지방법
389	5G슬림 요금제로 바꾸고 싶어요	요금제변경방법
390	5g요금제	5GX요금제
391	5g요금제 4G요금제로변경	LTE요금제
392	5G요금제 변경되나요?	요금제변경방법
393	5g요금제 알려줘	5GX요금제
394	5g최저요금제	5GX요금제
395	5G프라임 요금제 사용 시 위브앤데이터 사용은 무료아닌가요?	5GX프라임요금제
396	5gx 웨이브	5GX요금제
397	5GX 프라임 요금제 부가서비스 뭐 있어?	5GX프라임요금제
398	5GX 휴대폰보험 가입 요금	5GX휴대폰보험할인
399	5GX 휴대폰보험할인	5GX휴대폰보험할인
400	5gx vr팩 나도 받을 수 있니	VR팩쿠폰발급방법
401	5gx클럽 갤럭시s20	5GX클럽T갤럭시S20신청방법
402	5GX프라임	5GX프라임요금제
403	5gx프라임 요금제 웨이브 무료로 언제까지 이용가능해 ?	5GX프라임요금제
404	5GX프라임 요금제 혜택 알려줘	5GX프라임요금제
405	65세 이상 통신요금 할인혜택은 있나요?	복지할인
406	65세이상 요금할인혜택?	기초연금수급자신청방법
407	70세	T플랜시니어
408	8.7GB는어디에썼니?	실시간요금상세내역
409	9.7GB를어디에썼니?	실시간요금상세내역
410	가려진정보	가려진정보확인
411	가입 기간	나의가입정보
412	가입기간	나의가입정보
413	가입기간 알려줘	나의가입정보
414	가입기간?	가입정보조회
415	가입날짜	가입정보조회
416	가입날짜알려줘	가입정보조회
417	가입내역	가입정보조회
418	가입년도	나의가입정보
419	가입년수	나의가입정보
420	가입년수를 알고싶어요	나의가입정보
421	가입대리점	개통대리점조회방법
422	가입되어 있는 부가서비스 알려줘	나의부가서비스
423	가입된 내 번호 알려줘	나의가입정보
424	가입연수	나의가입정보
425	가입연수 산정	나의가입정보
426	가입일	나의가입정보
427	가입일자	나의가입정보
428	가입일짜	가입정보조회
429	가입정보	나의가입정보
430	가입정보 보여줘	나의가입정보
431	가입정보 알려줘	나의가입정보
432	가입정보 전체조회	가입정보조회
433	가입정보를 왜 안 보여줌?	나의가입정보
434	가입한 내용	나의가입정보
435	가입한지 얼마나 됐어?	나의가입정보
436	가입해지	회선해지방법
437	가장 오래 통화한사람	통화내역열람방법
438	가족	가족결합확인방법
439	가족 결합	가족결합확인방법
440	가족 결합하고 싶어요	온가족할인신청방법
441	가족 데이터	T가족모아데이터
442	가족 데이터 공유	T가족모아데이터공유설정
443	가족 요금 조회 방법 알려주세요	자녀요금조회방법
444	가족4명이 가입하면 해택은	온가족할인율확인방법
445	가족간 데이터공유	가족나눔데이터
446	가족결합	가족결합확인방법
447	가족결합 할인	가족결합확인방법
448	가족결합 확인	가족결합확인방법
449	가족결합되있나요?	가족결합확인방법
450	가족결합신청방법	결합상품가족등록
451	가족결합으로 묶여있는데 뭐가 할인 되는건가요??	가족결합확인방법
452	가족결합추가	가족결합확인방법
453	가족결합할래	결합상품가족등록
454	가족결합할인	온가족할인신청방법
455	가족결헙	가족결합확인방법
456	가족공유	T가족모아데이터
457	가족끼리 통신요금 할인	T끼리온가족할인
458	가족끼리데이터 공유하기	데이터함께쓰기
459	가족나눔	가족나눔데이터
460	가족나눔데이터	가족나눔데이터
461	가족나눔데이터 열어	가족나눔데이터
462	가족나눔데이터나눠쓰기	가족나눔데이터나눠쓰기
463	가족데이터 먼저 사용하고 싶어요	가족나눔데이터나눠쓰기
464	가족등록	결합상품가족등록
465	가족모아	5G가족모아데이터
466	가족모아 데이터	5G가족모아데이터
467	가족모아 데이터 사용할래	T가족모아데이터
468	가족모아 데이터 사용현황	T가족모아데이터
469	가족모아 데이터 신청	T가족모아신청방법
470	가족모아데이타 얼마나 쓴거야	T가족모아이번달공유내역
471	가족모아데이터	T가족모아데이터
472	가족모아데이터 결합하고 싶은데요	T가족모아가족추가방법
473	가족모아데이터 구성원 기준	가족나눔데이터
474	가족모아데이터 문의	T가족모아데이터
475	가족모아데이터 사용가능한 최소 요금제	T가족모아신청방법
476	가족모아데이터 설정방법	5G가족모아데이터
477	가족모아데이터 신청	5G가족모아데이터
478	가족모아데이터 최대 받을수있는 양은?	5G가족모아데이터
479	가족모아데이터를 이용하고 있습니다. 큰애가 대표회선이었는데요, 오늘 큰애가 기기와 요금제를 변경하면서 가족모아데이터 그룹에서 빠져 나갔어요. 그런데 제 T월드 조회하면 큰애한테 받	5G가족모아데이터
480	가족모아데이터설정	가족나눔데이터
481	가족무제한선물인데 우리애들한테두번밖에안되네요.왜그런지알려주세요	데이터선물문의
482	가족요금	New온가족플랜신청방법
483	가족요금안내서	온가족할인율확인방법
484	가족인데 왜 횟수가 제한되는거야?	데이터선물문의
485	가족추가	온가족할인신청방법
486	가족할인	온가족할인신청방법
487	가족할인 궁금해	T끼리온가족할인
488	가족할인 신청방법	온가족할인신청방법
489	가족할인 요금제	온가족할인신청방법
490	가족합산 30년은 언제적용되나요?	T끼리온가족할인
491	간말기 잔여요금 좀 알려줘	잔여할부조회방법
492	간편결제해지	통신과금자동선결제해지방법
493	갚아야할돈	잔여할부조회방법
494	개명	개명개칭방법
495	개인정보 확인	나의가입정보
496	개입정보조회	가입정보조회
497	개통	개통정보조회
498	개통 날짜 확인	나의가입정보
499	개통날짜	개통정보조회
500	개통이력조회	개통정보조회
501	개통일	개통정보조회
502	개통정보	가입정보조회
503	게약기간	잔여약정기간조회방법
504	겔러시s21구입 가능한지요	휴대폰구매방법
505	겔럭시 텝 얼마야	다이렉트휴대폰구매
506	결일이 언제 인가요	요금납부일변경방법
507	결재변경	요금납부방법확인
508	결재카드변경	자동납부등록및변경
509	결제 됐다고 문자가 안와요	휴대폰결제안심통보
510	결제 바꿀래	자동납부등록및변경
511	결제 변경	요금납부방법확인
512	결제 카드 변경	요금납부방법확인
513	결제 한도 상향	이용한도설정
514	결제계좌 변경	계좌정보수정
515	결제계좌변경	계좌정보수정
516	결제날짜	요금납부일변경방법
517	결제닝	요금납부일변경방법
518	결제방법 변경	요금납부방법확인
519	결제변경	요금납부방법확인
520	결제일 변경	요금납부일변경방법
521	결제일 변경하고싶어	요금납부일변경방법
522	결제일 알려줘	요금납부일변경방법
523	결제일변경	요금납부일변경방법
524	결제일이 언제야?	요금납부일변경방법
525	결제일이 언젠지 알려줘	요금납부일변경방법
526	결제정보변경	자동납부등록및변경
527	결제중복해결	이중납부
528	결제카드 변경	요금납부방법확인
529	결제카드변경하기	자동납부등록및변경
530	결제한도변경	소액결제한도변경방법
531	결합	각종결합
532	결합가족	가족결합확인방법
533	결합상품	결합상품리스트
534	결합상품 더 좋은 거 추천해줘	결합상품리스트
535	결합상품 추천	결합상품리스트
536	결합상품신청	각종결합
537	결합요금할인얼마이고언제부터적용되나요	나의혜택/할인
538	결합정보	각종결합
539	결합할인	결합할인
540	계약기간	잔여약정기간조회방법
541	계약기간 알려줘	잔여약정기간조회방법
542	계약언제끝나?	잔여약정기간조회방법
543	계좌 변경	요금납부방법확인
544	계좌이체	실시간계좌이체방법
545	계좌이체 변경	자동납부등록및변경
546	계좌이체 중복	이중납부
547	고객번호	고객보호비밀번호서비스
548	고객상담	전화상담사연결
549	고객선터 전화번호	전화상담사연결
550	고객센처	전화상담사연결
551	고객센타	전화상담사연결
552	고객센터	SKT고객센터운영시간
553	고객센터 번호	전화상담사연결
554	고객센터 번호 알려주세요	SKT고객센터운영시간
555	고객센터 연걀	전화상담사연결
556	고객센터 연결방법	SK브로드밴드고객센터
557	고객센터 연락처	전화상담사연결
558	고객센터 전화 연결	전화상담사연결
559	고객센터 전화번호	SKT고객센터운영시간
560	고객센터 전화연결해줘	전화상담사연결
561	고객센터번호	SKT고객센터운영시간
562	골드번호	골드번호
563	골드번호 신청법	골드번호
564	골드번호 추첨 예정일이 언제?	골드번호프로모션
565	골키퍼	콜키퍼신청방법
566	골키퍼 설정	콜키퍼신청방법
567	공기계만 바꿔도 되나?	단말기자급제도
568	공시지원금	공시지원금확인방법
569	공시지원금 위약금	T지원금약정위약금
570	공유데이터 남은양	데이터공유
571	공유데이터가 적어요	데이터공유
572	공유된 데이터 취소	T가족모아데이터공유설정
573	공인인증서	공인인증서등록방법
574	공인인증서 가져오기 번호가 유효허지안다고행ㅎ	공인인증서등록방법
575	공인인증서 가져오는게 안됩니다.	공인인증서등록방법
576	공인인증서 유효기간 어떻게 변경하나요??	공인인증서등록방법
577	공인인증센터	공인인증서등록방법
578	공짜 데이터줘	데이터선물조르기방법
579	과납	과납내역환불
580	광고 문자 안오게해줘	스팸문자차단방법
581	구글결제	콘텐츠구매내역확인방법
582	구글콘텐츠사용 내역좀 알려줘	콘텐츠이용요금조회방법
583	구글플레이 부가이용해제	휴대폰결제이용차단신청방법
584	구글플레이컨텐츠 이용내역 알려줘	구글Play고객센터
585	구매내역	소액결제구매내역확인방법
586	국가유공자의 복지감면혜택 내용은?	국가유공자복지할인
587	국내통화로가 왜 부과된건가용?	실시간요금상세내역
588	국제문자보내기	해외SMS서비스
589	국제전화 할래	국제전화발신금지
590	국제전화차단	국제전화수신거부신청방법
591	군 요금제 언제까지야	군장병전용요금제
592	군대요금제	군장병전용요금제
593	군요금제	군장병전용요금제
594	군인	군장병전용요금제
595	군인 요금	군장병전용요금제
596	군인 요금제	군장병전용요금제
597	그냥 컬러링 바꾸고싶어	컬러링설정방법
598	그러니까 부가서비스 이용요금이 왜 그리 많이 나오고 어디서 나온거죠?	부가서비스내역확인방법
599	그룹통화	T전화그룹통화
600	기가인터넷 요금	인터넷요금제
601	기가인터넷요금	인터넷요금제
602	기계 값	잔여할부조회방법
603	기계 할부금	잔여할부조회방법
604	기계값	잔여할부조회방법
605	기계값 납부	할부금중도납부방법
606	기계값 얼마 남았어 ?	잔여할부조회방법
607	기계값상환	기기상환상세정보
608	기계값상환할수있나요?	할부금중도납부방법
609	기계값이 얼마였나요?	잔여할부조회방법
610	기계값할인	공시지원금확인방법
611	기계금액	잔여할부조회방법
612	기계할부금	잔여할부조회방법
613	기계할부금 얼마 남았어?	잔여할부조회방법
614	기기 상환	기기상환상세정보
615	기기 잔여금	잔여할부조회방법
616	기기 할부	잔여할부조회방법
617	기기 할부 얼마나 남았어	잔여할부조회방법
618	기기 할부 확인	잔여할부조회방법
619	기기 할부금 부분 수납하고싶어요	할부금중도납부방법
620	기기 할부금을 선납하고 싶어요	할부금중도납부방법
621	기기값	잔여할부조회방법
622	기기값 납부	할부금중도납부방법
623	기기값 다 지불한거지	잔여할부조회방법
624	기기값 미리 납부	할부금중도납부방법
625	기기값 부분납입	할부금중도납부방법
626	기기값 선납	할부금중도납부방법
627	기기값 언제까지야	잔여할부조회방법
628	기기값 얼마나 남았어 ?	잔여할부조회방법
629	기기값 얼마야?	잔여할부조회방법
630	기기값 일시납	할부금중도납부방법
631	기기값 할부 얼마씩 ?	기기상환상세정보
632	기기값 할부금 얼마남앗나요?	잔여할부조회방법
633	기기값선납	할부금중도납부방법
634	기기값얼마야 ?	기기상환상세정보
635	기기값완납	할부금중도납부방법
636	기기값이 몇개월 남아있으며 총금액은 얼마입니까	잔여할부조회방법
637	기기대금만 좀 알려줘	잔여할부조회방법
638	기기반납	T렌탈반납방법
639	기기반납시 요금	할인반환금조회
640	기기변경	5G기기변경
641	기기변경 혜택이 있나요?	임대폰/기기변경
642	기기변경 약정	T지원금약정
643	기기변경 언제 햇어	임대폰/기기변경
644	기기변경 위약ㄱ.ㅁ	임대폰/기기변경
645	기기변경 위약금	T지원금약정위약금
646	기기변경 접수했는데 기계 언제 택배로오지?	다이렉트휴대폰배송
647	기기변경 하고 싶어	임대폰/기기변경
648	기기변경날짜	임대폰/기기변경
649	기기변경등록	임대폰/기기변경
650	기기변경시 약정	임대폰/기기변경
651	기기변경시 위약금	임대폰/기기변경
652	기기변경시 위약금 발생하니	T지원금약정위약금
653	기기변경하면 선택약정할인 위약금이 어떻게 되나요?	T지원금약정위약금
654	기기변경하면 해지금액 얼마임	T지원금약정위약금
655	기기상환	기기상환상세정보
656	기기상환 정보	기기상환상세정보
657	기기완납	할부금중도납부방법
658	기기요금 납부	할부금중도납부방법
659	기기요금 수납	할부금중도납부방법
660	기기잔금납부	잔여할부조회방법
661	기기할부	잔여할부조회방법
662	기기할부 알려줘	잔여할부조회방법
663	기기할부금 납부	할부금중도납부방법
664	기기할부금 상환	할부금중도납부방법
665	기기할부금 수납하는방법	할부금중도납부방법
666	기기할부금 얼마 남았어?	잔여할부조회방법
667	기기할부금 얼마남아써?	잔여할부조회방법
668	기기할부금 일시불납입	할부금중도납부방법
669	기기할부금선납방법	할부금중도납부방법
670	기기할부잔금 납부	할부금중도납부방법
671	기기할인약정 재가입	선택약정할인제도재가입조건
672	기변시 위약금 알려줘	T지원금약정위약금
673	기변하게되면 약정위약금 있어요?	선택약정할인제도승계조건
674	기본 요금	본인요금제확인방법
675	기본료 할인	SK텔레콤할인혜택
676	기본요금제	요금제리스트
677	기존 약정 연장하는법 알려줘	선택약정할인제도재가입조건
678	기존 요금제	나의가입정보
679	기준 번호	회선관리
680	기준 회선 변경	회선관리
681	나 가입년 얼마나 됐어?	나의가입정보
682	나 가족결합 7년인 이유좀 알려줘	온가족할인가입년수확인
683	나 데이터 선물 해줘	데이터선물조르기방법
684	나 데이터좀 줄래?	데이터선물조르기방법
685	나 말고 내 아들!	자녀요금조회방법
686	나 미성년자야?	나의가입정보
687	나 약정이 언제까지야	잔여약정기간조회방법
688	나 언제부터 skt 가족이야?	나의가입정보
689	나 요금 냈어?	요금납부내역확인방법
690	나 요금 완납했어?	요금납부내역확인방법
691	나 요금제 바꾸려고 하는데 미성년자 혼자 가능해?	미성년자요금제변경방법
692	나눠쓰기	가족나눔데이터나눠쓰기
693	나눠쓰기 데이터	가족나눔데이터나눠쓰기
694	나와 결합 되어있는 가족	가족결합확인방법
695	나와 결합된 가족	가족결합확인방법
696	나의 가입년도	가입정보조회
697	나의 가입정보 알려줘	가입정보조회
698	나의 결제방법 확인	요금납부방법확인
699	나의 남은 약정	잔여약정기간조회방법
700	나의 부가서비스	나의부가서비스
701	나의 부가서비스 보여줘	나의부가서비스
702	나의 약정기간은 얼마나 남았나요?	잔여약정기간조회방법
703	나의 요금제	나의가입정보
704	나의 요금제 약정기간 알려줘	잔여약정기간조회방법
705	나의 워치번호보기알려줘	회선관리
706	나의 자동이체 정보	자동납부등록및변경
707	나의 통신요금 할인금액은	월별상세할인내역
708	나의 할부내역	잔여할부조회방법
709	나의 할인요금은	월별상세할인내역
710	나의 해지 위약금은 얼마일까?	T지원금약정위약금
711	나의 해택	나의혜택/할인
712	나의 mvoip 량	mVoIP안내
713	나의부가서비스가입정보알려줘	나의부가서비스
714	나의요금제	본인요금제확인방법
715	나의청구일은언제야	요금납부일변경방법
716	나한테 전화줘	전화상담사연결
717	나한테는 유료부가서비스로 뜨는데 돈 나가는건지확인해줄 수 있어?	부가서비스내역확인방법
718	나회원탈퇴언제되	탈퇴안내
719	남아있는 할부요금	잔여할부조회방법
720	남은 기기값	잔여할부조회방법
721	남은 기기값 한번에 내려면 어떻게 해야해?	할부금중도납부방법
722	남은 기기할부금	잔여할부조회방법
723	남은 단말기 할부금	잔여할부조회방법
724	남은 단말기 할부금을 알고싶어요	잔여할부조회방법
725	남은 단말기값	잔여할부조회방법
726	남은 단말할부금은	잔여할부조회방법
727	남은 약정 개월 수	잔여할부조회방법
728	남은 약정기간	잔여약정기간조회방법
729	남은 약정일	잔여약정기간조회방법
730	남은 할부	잔여할부조회방법
731	남은 할부 개월수 알려줘	잔여할부조회방법
732	남은 할부 개월수와 할부요금 알려줘	잔여할부조회방법
733	남은 할부 내는 방법	할부금중도납부방법
734	남은 할부금	잔여할부조회방법
735	남은 할부금 알려줘	잔여할부조회방법
736	남은 할부금 조회	잔여할부조회방법
737	남은 할부원금	잔여할부조회방법
738	남은 휴대폰 개월수는??	휴대폰할부
739	남은 휴대폰 할부기간	잔여할부조회방법
740	남은기기할부	잔여할부조회방법
741	남은단말기요금	잔여할부조회방법
742	남은단말기할부금 조회하고싶어요	잔여할부조회방법
743	남은할부	잔여할부조회방법
744	남은할부금	잔여할부조회방법
745	남은할부금 알려줘	잔여할부조회방법
746	남은할부금액	잔여할부조회방법
747	남은할부기간	잔여할부조회방법
748	남은할부요금얼마야?	잔여할부조회방법
749	남은휴대폰할부금	잔여할부조회방법
750	납 부내역	요금납부내역확인방법
751	납기일 변경	요금납부일변경방법
752	납기일설정	요금납부일변경방법
753	납부 계좌 변경	요금납부방법확인
754	납부 된건가요?	요금납부내역확인방법
755	납부 세부내역	요금납부내역확인방법
756	납부 소득공제	현금영수증발급방법
757	납부 신용카드 변경	요금납부방법확인
758	납부 카드 변경	요금납부방법확인
759	납부 현황	요금납부내역확인방법
760	납부가능일 지정하기	요금납부일변경방법
761	납부가능일을 2월 25일은 안되나요?	요금납부일변경방법
762	납부가능일자	요금납부일변경방법
763	납부가능일자 변경	요금납부일변경방법
764	납부가능일자 선택	요금납부일변경방법
765	납부가능일지정해줘	요금납부일변경방법
766	납부기간 미룰수없을까	요금납부일변경방법
767	납부기록	요금납부내역확인방법
768	납부기일변경	요금납부일변경방법
769	납부기한 변경	자동납부등록및변경
770	납부기한연기	요금납부일변경방법
771	납부내역	요금납부내역확인방법
772	납부내역 조회	요금납부내역확인방법
773	납부되었나요?	요금납부내역확인방법
774	납부를 미루면안되나요?	요금납부일변경방법
775	납부방법변경	요금납부방법확인
776	납부방식 변경	요금납부방법확인
777	납부변경일	요금납부일변경방법
778	납부일 변경 언제 빠져나가?	요금납부일변경방법
779	납부일 변경해줘	요금납부일변경방법
780	납부일 연장	요금납부일변경방법
781	납부일변경	요금납부일변경방법
782	납부일설정	요금납부일변경방법
783	납부일연장	요금납부일변경방법
784	납부일은	요금납부일변경방법
785	납부일이언제야?	요금납부일변경방법
786	납부일자가 언제야?	요금납부일변경방법
787	납부일자변경	요금납부일변경방법
788	납부일자알려줘	요금납부일변경방법
789	납부정보	요금납부내역확인방법
790	납부카드변경	요금납부방법확인
791	납부한 요금	요금납부방법확인
792	내 결합할인	나의결합상품
793	내 결합할인 알려죠	가족결합확인방법
794	내 기기정보	나의가입정보
795	내 기종이 머야	나의가입정보
796	내 데이터 함께 쓰기 용량	가족나눔데이터나눠쓰기
797	내 번호 알려줘	나의가입정보
798	내 보험	나의부가서비스
799	내 부가서비스 뭐야?	나의부가서비스
800	내 부가서비스 알려줘	나의부가서비스
801	내 소액결제 한도	소액결제한도확인방법
802	내 아이디	T월드아이디비번찾기
803	내 아이디 알려줘	T월드아이디비번찾기
804	내 약정	잔여약정기간조회방법
805	내 요금이 제대로 납부되었니?	요금납부내역확인방법
806	내 요금제	본인요금제확인방법
807	내 요금제 5G 슬림 요금제로 바꿔도 될까?	슬림요금제
808	내 요금제 뭐야	본인요금제확인방법
809	내 요금제 뭐야?	본인요금제확인방법
810	내 요금제 알려줘	본인요금제확인방법
811	내 요금제 얼마야	본인요금제확인방법
812	내 요금제 얼마야?	본인요금제확인방법
813	내 요금제가 뭐예요?	본인요금제확인방법
814	내 요금제로 FLO 사용할 수 있어?	FLO이용방법
815	내 요금제를 5G 슬림 요금제로 바꿔도 될까?	슬림요금제
816	내 이름	나의가입정보
817	내 자동납부 언제 환불 돼?	과납환불신청처리내역
818	내 전화번호	나의가입정보
819	내 컬러링 뭐야?	컬러링설정방법
820	내 컬러링 뭘로 설정되어 있어?	컬러링설정방법
821	내 폰 약정	잔여약정기간조회방법
822	내 할부 얼마나 남았어?	잔여할부조회방법
823	내 핸드폰 기기값 완납되었는지 궁금해	잔여할부조회방법
824	내 핸드폰 기기값 얼마야 ?	잔여할부조회방법
825	내 핸드폰 보험 ?	보험가입방법
826	내 혜탁	나의혜택/할인
827	내 휴대폰 보험이 있는지 확인할 수 있나요?	보험가입방법
828	내 휴대폰할부 금액 알려줘	잔여할부조회방법
829	내가 가입한 부가서비스	나의부가서비스
830	내가 가입한 부가서비스?	나의부가서비스
831	내가 들어놓은 파손보험 상품 보여줘	보험보상
832	내가 사용안한 해택들	나의혜택/할인
833	내가 신청한 폰이 뭐야?	가입신청내역조회
834	내가 쓰고 있는 스마트폰은	나의가입정보
835	내가 쓰고있는 부가서비스 알려줘	나의부가서비스
836	내가 쓰는 요금제가 뭐야	나의가입정보
837	내가 쓰는 요금제가 뭐야?	본인요금제확인방법
838	내가 저번에 핸드폰을 보상기변으로 샀는지 조회할수 있어?	나의가입정보
839	내가 지금 T다이렉트에 가입 되어 있나	나의부가서비스
840	내가쓰던요금제	나의가입정보
841	내맘대로 플러스 없어졌나요?	내맘대로플러스문의
842	내맘대로 플러스 할인받고 싶어요	내맘대로플러스문의
843	내요금제 할인받기	요금할인
844	내요금제는 wavve 가 공짜인데 갑자기 안되고있어요	wavve부가서비스인증방법
845	내요금제알려줘	본인요금제확인방법
846	내일까지미납요금 납부약속하고 일시정지해제가능한가요	미납이용정지
847	내주변 직영점	가까운매장
848	내폰 기종이 뭐야	나의가입정보
849	내핸드폰 활부몇개월야?	잔여할부조회방법
850	내핸드폰번호뭐야	나의가입정보
851	내휴대폰 할부몇개월이야?	잔여할부조회방법
852	냈는데?	요금납부내역확인방법
853	노래듣기	FLO
854	노트9 할부금 언제까지야?	잔여할부조회방법
855	뉴온가족플랜 추가 가입	NEW온가족플랜
856	다날 이용제한	법인소액결제이용한도
857	다날은 뭐지	소액결제구매내역확인방법
858	다른 회선 요금 조회	회선관리
859	다른번호 요금납부	회선관리
860	다른요금제는요?	요금제비교
861	다음 청구 일	요금납부일변경방법
862	다음 출금 예정일 언제야	요금납부일변경방법
863	다음달 결제일 변경	요금납부일변경방법
864	다음달 요금납부일	요금납부일변경방법
865	다음달 할인이 얼마나돼?	나의혜택/할인
866	다음달애기계값없어요	잔여할부조회방법
867	다이렉트샵	다이렉트휴대폰구매
868	다회선 번호 해지	회선해지방법
869	단말기 구입비 일시불로 결제	할부금중도납부방법
870	단말기 남은 할부금	잔여할부조회방법
871	단말기 대금 얼마 남았어?	잔여할부조회방법
872	단말기 대급 얼마 남았어?	잔여할부조회방법
873	단말기 보험 가입	보험가입방법
874	단말기 보험가입확인	보험보상
875	단말기 분할상환금 납부 할려면 어떻게해야하나요	할부금중도납부방법
876	단말기 분활상환금	기기상환상세정보
877	단말기 상환	기기상환상세정보
878	단말기 상환금 남은거	잔여할부조회방법
879	단말기 약정 잔액	잔여할부조회방법
880	단말기 얼마 남았어?	잔여할부조회방법
881	단말기 완납 어떻게 하나요	할부금중도납부방법
882	단말기 위약금	T지원금약정위약금
883	단말기 잔여금 알려줘	잔여할부조회방법
884	단말기 잔여할부	잔여할부조회방법
885	단말기 정보	나의가입정보
886	단말기 할부	잔여할부조회방법
887	단말기 할부 금액	휴대폰할부
888	단말기 할부 납부 가능한가요?	할부금중도납부방법
889	단말기 할부 알려줘	잔여할부조회방법
890	단말기 할부 얼마 남았어	잔여할부조회방법
891	단말기 할부 얼마나 남았어?	잔여할부조회방법
892	단말기 할부 잔액 알려줘	잔여할부조회방법
893	단말기 할부개월수	잔여할부조회방법
894	단말기 할부개월수가 몇개월인가요?	잔여할부조회방법
895	단말기 할부금	잔여할부조회방법
896	단말기 할부금 납부	할부금중도납부방법
897	단말기 할부금 닙부	할부금중도납부방법
898	단말기 할부금 얼마 남았어?	잔여할부조회방법
899	단말기 할부금 얼마나 남았어?	잔여할부조회방법
900	단말기 할부금 완납	할부금중도납부방법
901	단말기 할부금 일시납부	할부금중도납부방법
902	단말기 할부기간 확인요망	잔여할부조회방법
903	단말기 할주	잔여할부조회방법
904	단말기 핣부금 입금 방법	할부금중도납부방법
905	단말기가입정보	가입정보조회
906	단말기값	잔여할부조회방법
907	단말기구입비내역	기기상환상세정보
908	단말기금액	잔여할부조회방법
909	단말기분할상환	기기상환상세정보
910	단말기분할상환금	기기상환상세정보
911	단말기잔액확인부탁드려요	잔여할부조회방법
912	단말기잔여할부	잔여할부조회방법
913	단말기할부가언제까지인가요?	휴대폰할부
914	단말기할부금	잔여할부조회방법
915	단말기할부금 얼마남았어?	잔여할부조회방법
916	단말기할부금 납부	할부금중도납부방법
917	단말기할부금 내역서 보여줘	잔여할부조회방법
918	단말기할부금 돈 내기	할부금중도납부방법
919	단말기할부금 얼마남았어	잔여할부조회방법
920	단말기할부금 완납방법 알려주세요	할부금중도납부방법
921	단말기할부금 일시납부 가능한가요?	할부금중도납부방법
922	단말기할부금 조회	잔여할부조회방법
923	단말기할부금?	잔여할부조회방법
924	단말기할부금납부	할부금중도납부방법
925	단말기할부금만료일알려주세ㅛ	잔여할부조회방법
926	단말기할부금완납	할부금중도납부방법
927	단말기할부금잔액	잔여할부조회방법
928	단말기할부기간	휴대폰할부
929	단말기할부납부	할부금중도납부방법
930	단말기할부완납	할부금중도납부방법
931	단말기할부요금	잔여할부조회방법
932	단말대금 알려줘	잔여할부조회방법
933	단말분할	잔여할부조회방법
934	대기중통화신청	통화중대기신청방법
935	대리점 위치	지점대리점찾기
936	데이타 무제한 최소요금	5GX프라임요금제
937	데이타 안심제	T플랜안심4G요금제
938	데이타줘	데이터선물조르기방법
939	데이타차단	데이터사용차단
940	데이터 가족모아	5G가족모아데이터
941	데이터 같이 쓰기는 총 몇대까지 무료인가요?	데이터함께쓰기
942	데이터 공유	데이터공유
943	데이터 공유 가족	T가족모아데이터공유설정
944	데이터 공유 어떻게 하나요	데이터공유
945	데이터 공유하기	데이터공유
946	데이터 구매	데이터추가사용방법
947	데이터 나누기	가족나눔데이터나눠쓰기
948	데이터 나눠쓰기	가족나눔데이터나눠쓰기
949	데이터 더 쓰면 추가요금 나와?	LTE데이터사용요금
950	데이터 무료로 줘	데이터선물조르기방법
951	데이터 무제한	5GX프라임요금제
952	데이터 무제한 요금제 종류 알려줘	요금제리스트
953	데이터 사고싶어	데이터추가사용방법
954	데이터 사용을 하지 않았는데 잠깐사이에 1기가 선물받은게 없어지고 데이터사용이 되었습니다	선물받은데이터사용방법
955	데이터 선물 거절	데이터선물문의
956	데이터 선물 취소 요청	데이터선물취소
957	데이터 선물내역 보기	데이터선물문의
958	데이터 선물하기 가능 데이터가 왜 0으로 뜨는거죠?	데이터선물문의
959	데이터 선물하기 제한	데이터선물문의
960	데이터 소진하면 요금 어떻게되나요?	데이터사용요금안내
961	데이터 속도 알려줘	인터넷품질측정방법
962	데이터 쉐어링	데이터함께쓰기
963	데이터 안심제	T플랜안심4G요금제
964	데이터 어떻게 구입해?	데이터부족
965	데이터 완전차단	데이터사용차단
966	데이터 조르기	데이터선물조르기방법
967	데이터 차단	데이터사용차단
968	데이터 초과	데이터초과
969	데이터 초과 시 추가요금	데이터초과
970	데이터 추가요금	데이터사용요금안내
971	데이터 테더링	데이터함께쓰기
972	데이터 한도	데이터한도요금제충전
973	데이터 함께쓰기 사용가능 데이터	데이터함께쓰기
974	데이터 함께쓰기 사용사능 데이터	데이터함께쓰기
975	데이터 함께쓰기 언제 초기화되나여	데이터함께쓰기
976	데이터가 3기가 더 필요해	데이터추가사용방법
977	데이터가 너무 안터져요	휴대폰통화품질상담
978	데이터가 많지않아서 힘듭니다	데이터선물조르기방법
979	데이터가 안돼	인터넷품질측정방법
980	데이터가족모아	5G가족모아데이터
981	데이터공유방법	데이터공유
982	데이터공유하기 하는방법 설명해주세요	T가족모아데이터공유설정
983	데이터공유하기요금제는어떤걸가입해야하나요	데이터공유
984	데이터내놔	데이터선물조르기방법
985	데이터량이 적어서 요금제 변경을 하고싶은데 약정할인때문에 변경을 해도 가능한지 궁금합니다	요금제변경방법
986	데이터무제한 요금제 뭐야	요금제리스트
987	데이터바꾸고싶어	요금제변경방법
988	데이터선물 취소하고 싶어요	데이터선물취소
989	데이터선물조르기	데이터선물조르기방법
990	데이터선물줘	데이터선물조르기방법
991	데이터쉐어링	데이터함께쓰기
992	데이터안심요금제	T플랜안심2.5G요금제
993	데이터조르기	데이터선물조르기방법
994	데이터차단	데이터사용차단
995	데이터통화료가 부과됐는데 데이터통화료가 무엇인가요?	실시간요금상세내역
996	데이터퍼펙트S 요금	band데이터퍼펙트S요금제
997	데이터한도어떻게 늘려요?	데이터한도요금제충전
998	데이터함께쓰기	데이터함께쓰기
999	데이터함께쓰기 가입하고싶어	데이터함께쓰기
1000	데이터함께쓰기 사용중인데	데이터함께쓰기
1001	데이터함께쓰기 에서 두번째폰의 데이터는 한달 몇기가까지 가능한가요?	5G데이터함께쓰기프로모션
1002	데이터함께쓰기 해지	데이터함께쓰기
1003	데이트를 무제한으로 해서 온가족이 공유할수 있어요~?	가족나눔데이터나눠쓰기
1004	돈이 빠져나갔는데	요금납부내역확인방법
1005	동신 서비스 요금 좀 더 낮출 수는 없나요	SK텔레콤할인혜택
1006	동일한도조회	소액결제한도확인방법
1007	등록된 단말기 정보	나의가입정보
1008	딘말기 할부	잔여할부조회방법
1009	라지	라지요금제
1010	렌탈 반납	T렌탈반납방법
1011	렌탈 변상금	휴대폰렌탈
1012	로밍 쓰고있는데 통화중에 갑자기 추가요금이 발생했다고하더라구요 T월드로 통화받았거든요?	로밍통화내역열람
1013	리필 취소	리필쿠폰취소
1014	리필쿠폰 언제 리필되?	리필쿠폰제공
1015	리필쿠폰 왜 못 받아?	리필쿠폰제공
1016	만약 5G 프라임 요금제 사용시	5GX프라임요금제
1017	많이 남았는데 왜 선물할수없나요	데이터선물문의
1018	말고ᆢ소액결제한도변경주세요	소액결제한도변경방법
1019	매월자동충전	데이터자동충전
1020	맥스	T플랜맥스요금제
1021	먼 부가세	부가세포함
1022	멜론	멜론NUGU스트리밍클럽신청방법
1023	멜론스트리밍	멜론NUGU스트리밍클럽신청방법
1024	멤버십 플라스틱 카드	멤버십발급조건
1025	명세서 조회	통합청구서
1026	명의변경	명의변경
1027	명의변경 관련해서 궁금한데요	명의변경
1028	몇개월치 요금 인가	통합청구서
1029	몇년 썼어?	나의가입정보
1030	모바일 회선 해지	회선해지방법
1031	모션키	모션키신청방법
1032	모션키 부가서비스 해지할래요	모션키해지방법
1033	묘금약정할인 어디서	선택약정할인제도신청방법
1034	무료2회선지정	T월드다회선등록방법
1035	무료통화 지정회선 2개 가능한 것 중 하나 번호를 변경하려고 합니다.	ZEM플랜요금제지정번호추가
1036	무선데이터차단	무선인터넷차단신청방법
1037	무약정	무약정플랜신청방법
1038	무약정 포인트로 요금납부 할수있나요?	무약정플랜포인트내역
1039	무약정 플랜 포인트 조회	무약정플랜포인트내역
1040	무약정포인트	무약정플랜포인트내역
1041	무약정포인트 사용방법	무약정플랜포인트내역
1042	무약정포인트사용방법	무약정플랜포인트내역
1043	무약정포인트사용어떻게해??	무약정플랜포인트내역
1044	무약정플랜	무약정플랜신청방법
1045	무약정플랜 포인트	무약정플랜포인트내역
1046	무약정플랜 포인트 사용	무약정플랜포인트내역
1047	무약정플랜포인트	무약정플랜포인트내역
1048	무약정플랜포인트 조회	무약정플랜포인트내역
1049	무약정플랜포인트가 달마다 적립됐다 고하는데 어디서 볼 수 있으며 어떻게 사용할 수 있어요?	무약정플랜포인트내역
1050	무약정플랜포인트사용법?	무약정플랜포인트내역
1051	무제한 요금제	5GX프라임요금제
1052	무제한요근제	요금제리스트
1053	무제한요금제	5GX프라임요금제
1054	뭔소리에여 1월달에 소액결제한거 2번냇는데	과납내역환불
1055	미납 이용정지안내	미납이용정지
1056	미납 정지	미납이용정지
1057	미납 정지 바로 되나요	미납이용정지
1058	미납수신정지해제	미납이용정지
1059	미납액이 있나요?	전화상담사연결
1060	미납요금 납부 가능일	요금납부일변경방법
1061	미납요금 납부날짜를 착각했어요 하루 더 연장할수 있을까요	요금납부일변경방법
1062	미납요금 납부일 변경	요금납부일변경방법
1063	미납요금 이용정지	미납이용정지
1064	미납요금 이중출금	이중납부
1065	미납요금 정지	미납이용정지
1066	미납요금 지정일납부	요금납부일변경방법
1067	미납요금날짜정하기	요금납부일변경방법
1068	미납요금납부기안	요금납부일변경방법
1069	미납요금납부날짜변경	요금납부일변경방법
1070	미납요금납부날짜선택	요금납부일변경방법
1071	미납요금납부일선택	요금납부일변경방법
1072	미납요금냈는데 또 빠져나갔다구요!!	이중납부
1073	미납요금만 내면 정지는 안되?	미납이용정지
1074	미납요금상세내역알려줘	실시간요금상세내역
1075	미납요금안내면 폰이끊기나욥?ㅠ	미납이용정지
1076	미납요금을 OK캐쉬백 포인트예약납부 해뒀거든요~	OK캐쉬백요금납부
1077	미납정지 알려줘	미납이용정지
1078	미납정지 해제	미납이용정지
1079	미납정지예정일	미납이용정지
1080	미디어데이터팩 가입 대상자가 아닌가요?	미디어&데이터팩신청방법
1081	미리 결제	통신과금선결제이용방법
1082	미리 납부	통신과금선결제이용방법
1083	미리 요금 내고 싶은데요.	통신과금선결제이용방법
1084	미리계산	통신과금선결제이용방법
1085	미리내고싶어	통신과금선결제이용방법
1086	미성년 자녀 요금납부 변경	요금납부방법확인
1087	미성년인데요	미성년자가입
1088	미성년자 신규가입	미성년자가입
1089	바꾸라고하는뎅ㆍ느	요금제변경방법
1090	반환 할인이	할인반환금조회
1091	반환금	할인반환금조회
1092	발신자표시제한 어떻게 차단해	발신번호표시제한방법
1093	번 호 해제어떻게해요?	회선해지방법
1094	번호 바꾸려면	번호변경방법
1095	번호 번경	번호변경방법
1096	번호 변경	번호변경방법
1097	번호 이동 관련 문의	번호이동제도
1098	번호번경	번호변경방법
1099	번호번경하고싶어	번호변경방법
1100	번호변경	번호변경방법
1101	번호변경 연결서비스	번호변경안내서비스
1102	번호변경방법	번호변경방법
1103	번호변경하고싶어요	번호변경방법
1104	번호변경하려구요	번호변경방법
1105	번호이동	번호이동제도
1106	번호이동 가입	번호이동제도
1107	번호이동 시 위약금 발생할까요?	T지원금약정위약금
1108	번호이동시 요금	번호이동제도
1109	번호해지어떻게해요?	회선해지방법
1110	벨소리	컬러링신청방법
1111	벨소리 다운	컬러링설정방법
1112	벨소리 보관함	컬러링설정방법
1113	벨소리 확인 어디서해	컬러링설정방법
1114	변경 가능한 요금제는?	요금제변경방법
1115	보이는컬러링말고	컬러링신청방법
1116	보험	보험가입방법
1117	보험 가입 여부	나의부가서비스
1118	보험 가입방법	TAll케어플러스
1119	보험 변경	보험가입방법
1120	보험 할인 적용해줘	5GX휴대폰보험할인
1121	보험 해지	보험해지방법
1122	보험가입	보험가입방법
1123	보험가입방법	보험가입방법
1124	보험가입여부	나의부가서비스
1125	보험가입은 어디서하나요	보험가입방법
1126	보험가입한다고	보험가입방법
1127	보험서비스 해지	보험해지방법
1128	보험처리 방법	보험보상
1129	보험해지	보험해지방법
1130	복지	복지할인
1131	복지 해택 신청	복지할인
1132	복지할인	복지할인
1133	복지할인 내용	복지할인
1134	복지혜택	복지할인
1135	부가	나의부가서비스
1136	부가 사용금액은 뭐야 ?	부가서비스내역확인방법
1137	부가 사용금액이 뭐야?	부가서비스내역확인방법
1138	부가 사용내역	나의부가서비스
1139	부가 서비스 취소했는데 왜 요금 나와요!?	부가서비스내역확인방법
1140	부가 해지	나의부가서비스
1141	부가사용 금액은?	부가서비스내역확인방법
1142	부가사용 금액이 뭐야	부가서비스내역확인방법
1143	부가사용굼액 내역 알려주세요	부가서비스내역확인방법
1144	부가사용금애알고싶네요	부가서비스내역확인방법
1145	부가사용금액 19만원	부가서비스내역확인방법
1146	부가사용금액 내역	부가서비스내역확인방법
1147	부가사용금액 내역 알려주세요.	부가서비스내역확인방법
1148	부가사용금액 내역 알려줘	부가서비스내역확인방법
1149	부가사용금액 내역 확인해주세요	부가서비스내역확인방법
1150	부가사용금액 내역좀 보여줘	부가서비스내역확인방법
1151	부가사용금액 내용좀	부가서비스내역확인방법
1152	부가사용금액 보여줘	부가서비스내역확인방법
1153	부가사용금액 상세정보	부가서비스내역확인방법
1154	부가사용금액 자세하게 알수 있어?	부가서비스내역확인방법
1155	부가사용금액 자세히 보여줘	부가서비스내역확인방법
1156	부가사용금액은 머야	부가서비스내역확인방법
1157	부가사용금액은 뭐야 ?	부가서비스내역확인방법
1158	부가사용금액은 뭐야??	부가서비스내역확인방법
1159	부가사용금액은 어디에 쓴거야?	부가서비스내역확인방법
1160	부가사용금액이 무엇인가요?	부가서비스내역확인방법
1161	부가사용금액이 뭐야	부가서비스내역확인방법
1162	부가사용금액이 뭔가요	부가서비스내역확인방법
1163	부가사용금액이6만원 나왔는데 확인이 안됩니다확인해주세요어디서 사용했는지?	부가서비스내역확인방법
1164	부가사용금액이왜이렇게많아요?	나의부가서비스
1165	부가사용금이 뭐에요?	부가서비스내역확인방법
1166	부가사용내역 알려줘	나의부가서비스
1167	부가사용내용은?	실시간요금상세내역
1168	부가사용료가 왜 나왔나요	부가서비스내역확인방법
1169	부가사용료금액중에 플로라는 서비스라고 하셨는데 금액이 왜 청구된건가요	FLO이용방법
1170	부가사용요금내역	부가서비스내역확인방법
1171	부가사용이 너무많은데 이렇게 사용한적이없는데 세부결재내역좀 보내줘	부가서비스내역확인방법
1172	부가사용이뭐야	부가서비스리스트
1173	부가서비스	부가서비스리스트
1174	부가서비스 가입 내역	부가서비스내역확인방법
1175	부가서비스 가입되어있는거 뭐야	나의부가서비스
1176	부가서비스 내역 보여줘	부가서비스내역확인방법
1177	부가서비스 내역 알려줘	부가서비스내역확인방법
1178	부가서비스 내역알려줘	부가서비스내역확인방법
1179	부가서비스 내역이 뭐야?	부가서비스내역확인방법
1180	부가서비스 뭐야	부가서비스내역확인방법
1181	부가서비스 변경	나의부가서비스
1182	부가서비스 사용중인 것 알려줘	나의부가서비스
1183	부가서비스 삭제	나의부가서비스
1184	부가서비스 상세내역 알려줘	부가서비스내역확인방법
1185	부가서비스 요금에는 무엇이 포함되나요?	부가서비스내역확인방법
1186	부가서비스 요금이 무엇인지 알고 싶습니다	부가서비스내역확인방법
1187	부가서비스 요금이 뭐야?	나의부가서비스
1188	부가서비스 이용내역	나의부가서비스
1189	부가서비스 이용내역을 알려주세요	부가서비스내역확인방법
1190	부가서비스 이용료 상세내역	부가서비스내역확인방법
1191	부가서비스 이용요금	부가서비스내역확인방법
1192	부가서비스 이용요금 상세	부가서비스내역확인방법
1193	부가서비스 이용요금 알려줘	나의부가서비스
1194	부가서비스 이용요금 자세히 보여줘	부가서비스내역확인방법
1195	부가서비스 이용요금내역	부가서비스내역확인방법
1196	부가서비스 이용요금은 뭐야	부가서비스내역확인방법
1197	부가서비스 이용요금이 뭐야?	부가서비스내역확인방법
1198	부가서비스 잘못되었습니다	부가서비스내역확인방법
1199	부가서비스 취소	나의부가서비스
1200	부가서비스 컬러릴	컬러링신청방법
1201	부가서비스 탈퇴	나의부가서비스
1202	부가서비스 할인	나의혜택/할인
1203	부가서비스 해지	나의부가서비스
1204	부가서비스 해지방법	나의부가서비스
1205	부가서비스 해지하고 싶어	나의부가서비스
1206	부가서비스 해지할래	나의부가서비스
1207	부가서비스 해지해줘	나의부가서비스
1208	부가서비스 wavve 사용안했는데 청구되었어요1월요금에 잘못 청구된것같습니다	나의부가서비스
1209	부가서비스가 뭐야	나의부가서비스
1210	부가서비스가뭐야	나의부가서비스
1211	부가서비스결제내역은?	부가서비스내역확인방법
1212	부가서비스관련문의	부가서비스내역확인방법
1213	부가서비스료	나의부가서비스
1214	부가서비스이용내역	부가서비스내역확인방법
1215	부가서비스이용요금무슨뜻인지	나의부가서비스
1216	부가서비스이용요금이뭔가요	나의부가서비스
1217	부가서비스해지	나의부가서비스
1218	부가서비스해지방법	나의부가서비스
1219	부가서비스확인	부가서비스내역확인방법
1220	부가서비으 잘못된거같습니다.	부가서비스내역확인방법
1221	부가세	부가세포함
1222	부가세사용내역	부가세포함
1223	부가요금제	부가서비스리스트
1224	부과서비스	나의부가서비스
1225	부과서비스 요금 내역 알려줘	부가서비스내역확인방법
1226	부과서비스 컬러링 비용은 얼마인가요.?	컬러링신청방법
1227	부재중	콜키퍼신청방법
1228	부재중 안내	콜키퍼신청방법
1229	부재중 전화 안내	콜키퍼신청방법
1230	부재중 통화	콜키퍼신청방법
1231	분실	분실신고
1232	분실보험	분실보상
1233	분실보험 할인내역	5GX휴대폰보험할인
1234	분실신고	분실신고
1235	분실신고 해제	분실신고
1236	분실파손 가입 해지 하고싶어요	보험해지방법
1237	분실파손 보험	보험가입방법
1238	분실파손 서비스 해제	보험해지방법
1239	분실파손 ios	분실파손i200
1240	분실파손보험	보험가입방법
1241	분실폰찾았는데	분실폰찾기정보삭제
1242	분할납부 얼마나 남았지?	잔여할부조회방법
1243	분할상환 일시납	할부금중도납부방법
1244	분할상환금	기기상환상세정보
1245	분할상환금 납부	할부금중도납부방법
1246	분할상환금 언제끝나?	기기상환상세정보
1247	분할상환금 얼마 남았나요?	기기상환상세정보
1248	비밀번호	T월드아이디비번찾기
1249	비밀번호변경	T아이디회원정보관리
1250	비티비해지할래	IPTV서비스해지신청안내
1251	사는곳 통신상태불량	휴대폰통화품질상담
1252	사용 년수 알려 주세요	나의가입정보
1253	사용기간	나의가입정보
1254	사용날짜	가입정보조회
1255	사용내역은 알고 있습니다.무료리필쿠폰 1년에 받을 수있나요?	리필쿠폰제공
1256	사용년수	가입정보조회
1257	사용정지	회선해지방법
1258	사용중 부가서비스	나의부가서비스
1259	사용중인 단말기 남은 할부금	잔여할부조회방법
1260	사용중인 부가서비스 알려줘	나의부가서비스
1261	사용중인 요금제 문의드립니다.	본인요금제확인방법
1262	사용하던 요금제	나의가입정보
1263	사용하지 않은 부가사용금액	부가서비스내역확인방법
1264	사은품배송현황	사은품조회
1265	상감원연결	전화상담사연결
1266	상담	전화상담사연결
1267	상담내역	이메일상담내역
1268	상담사	전화상담사연결
1269	상담사 연결	전화상담사연결
1270	상담사연결	전화상담사연결
1271	상담원	전화상담사연결
1272	상담원 연결	전화상담사연결
1273	상담원 연결 가능한가요?	전화상담사연결
1274	상담원 연결가능한가요?	전화상담사연결
1275	상담원 전화연결	전화상담사연결
1276	상담원 챗	전화상담사연결
1277	상담원연결	전화상담사연결
1278	상담원연결해주세요	전화상담사연결
1279	상담원연경	전화상담사연결
1280	상담원채팅	전화상담사연결
1281	상담원통화연결	전화상담사연결
1282	상담자바꿔	전화상담사연결
1283	상세 내역	실시간요금상세내역
1284	상세내역	실시간요금상세내역
1285	상세내역 왜 안보이나요	실시간요금상세내역
1286	상세내역보여죠	실시간요금상세내역
1287	상세내역알려줘	실시간요금상세내역
1288	상세내역은 알수 없나요?	실시간요금상세내역
1289	상세요금	실시간요금상세내역
1290	새기기등록	임대폰/기기변경
1291	새로 가입한 요금제는?	본인요금제확인방법
1292	서비스해지	회선해지방법
1293	선결재	통신과금선결제이용방법
1294	선결재할려고하는대40만원다해야하나요 일부만결재하면않되나요	통신과금선결제이용방법
1295	선결제	통신과금선결제이용방법
1296	선결제 어떻게해?	통신과금선결제이용방법
1297	선결제 하는 법	통신과금선결제이용방법
1298	선결제요금알려줘	통신과금선결제이용방법
1299	선납대채	통신과금선결제이용방법
1300	선납대체	통신과금선결제이용방법
1301	선물 취소하는 방법	데이터선물취소
1302	선물이 아니라온가족이 데이터를 공유할수도 있어요~?	가족나눔데이터
1303	선약할인이 끝난거 같은데 다른 할인 가능 옵션 없나요?	SK텔레콤할인혜택
1304	선택 약정 갱신	선택약정할인제도재가입조건
1305	선택 약정 할인 만기가 얼마 안남음. 자동 재약정	선택약정할인제도재가입조건
1306	선택 약정할인 연장 문의	선택약정할인제도재가입조건
1307	선택야ㄱ정	선택약정할인제도신청방법
1308	선택약정	선택약정할인제도신청방법
1309	선택약정 25%	선택약정할인제도신청방법
1310	선택약정 가능	선택약정할인제도가입조건
1311	선택약정 가입	선택약정할인제도신청방법
1312	선택약정 가입 가능 시기	선택약정할인제도신청방법
1313	선택약정 가입 가능한가??	선택약정할인제도가입조건
1314	선택약정 가입가능	선택약정할인제도신청방법
1315	선택약정 가입하고싶어	선택약정할인제도신청방법
1316	선택약정 가입하면	선택약정할인제도반환금확인방법
1317	선택약정 가입할래	선택약정할인제도신청방법
1318	선택약정 갱신	선택약정할인제도재가입조건
1319	선택약정 갱신방법	선택약정할인제도재가입조건
1320	선택약정 남은기간	잔여약정기간조회방법
1321	선택약정 대리점	개통대리점조회방법
1322	선택약정 등록	선택약정할인제도신청방법
1323	선택약정 변경시 위약금 얼마야	T지원금약정위약금
1324	선택약정 설정이 왜 안되나요	선택약정할인제도가입조건
1325	선택약정 승계 1년	선택약정할인제도승계조건
1326	선택약정 신청	선택약정할인제도신청방법
1327	선택약정 신청방법	선택약정할인제도신청방법
1328	선택약정 언제 끝나?	잔여약정기간조회방법
1329	선택약정 연장	선택약정할인제도재가입조건
1330	선택약정 연장 방법	선택약정할인제도재가입조건
1331	선택약정 연장하기	선택약정할인제도재가입조건
1332	선택약정 연장할래	선택약정할인제도재가입조건
1333	선택약정 위약금	T지원금약정위약금
1334	선택약정 재가입	선택약정할인제도재가입조건
1335	선택약정 종류알려줘	선택약정할인제도신청방법
1336	선택약정 취소	선택약정할인제도해지방법
1337	선택약정 할인	선택약정할인제도신청방법
1338	선택약정 할인반환금 조회	선택약정할인반환금부과대상
1339	선택약정 할인액이 저번달과 다른 이유는 무엇인가요?	선택약정할인제도신청방법
1340	선택약정 해지	선택약정할인제도해지방법
1341	선택약정 해지 어떻게해	선택약정할인제도해지방법
1342	선택약정가입 기간	잔여약정기간조회방법
1343	선택약정계약해주세요	선택약정할인제도신청방법
1344	선택약정기간이 끝났는데 1년 재약정하려면 어떠케 해야하나요?	선택약정할인제도재가입조건
1345	선택약정신청할래	선택약정할인제도신청방법
1346	선택약정연장	선택약정할인제도재가입조건
1347	선택약정요금	선택약정할인제도신청방법
1348	선택약정요금 가능일	선택약정할인제도가입조건
1349	선택약정요금 가입가능한 날짜	선택약정할인제도가입조건
1350	선택약정요금할인	요금할인
1351	선택약정으로 25% 할인 받을 수 있다해서 가입했는데 왜 요금이 1000원 조금 넘는 돈밖에 할인이 안되나요?	월별상세할인내역
1352	선택약정은??	선택약정할인제도신청방법
1353	선택약정할인	선택약정할인제도신청방법
1354	선택약정할인 가입	선택약정할인제도신청방법
1355	선택약정할인 가입할래	선택약정할인제도신청방법
1356	선택약정할인 계산법이 뭐야?	선택약정할인공제순서
1357	선택약정할인 남은기간	잔여약정기간조회방법
1358	선택약정할인 신청	선택약정할인제도신청방법
1359	선택약정할인 어떻게 계산되?	선택약정할인공제순서
1360	선택약정할인 얼마나 남았냐고!	잔여약정기간조회방법
1361	선택약정할인 얼마나 남았어?	잔여약정기간조회방법
1362	선택약정할인 얼마야?	나의혜택/할인
1363	선택약정할인 연장	선택약정할인제도재가입조건
1364	선택약정할인 연장은 어떻게 하나요?	선택약정할인제도재가입조건
1365	선택약정할인 연장하고싶어요.	선택약정할인제도재가입조건
1366	선택약정할인 연장하려고 합니다	선택약정할인제도재가입조건
1367	선택약정할인 재가입	선택약정할인제도재가입조건
1368	선택약정할인 재가입방법은?	선택약정할인제도재가입조건
1369	선택약정할인 재가입을 하라구 연락이 왔었는데요	선택약정할인제도가입조건
1370	선택약정할인에 가입하려고 합니다	선택약정할인제도신청방법
1371	선택약정할인이 몇개월 남았어?	잔여약정기간조회방법
1372	선택약정할인제도	선택약정할인제도신청방법
1373	선택약정할인제도 12개월용 금액은얼마야?	T지원금약정위약금
1374	선택약정할인제도 재가입	선택약정할인제도재가입조건
1375	선택약정할인제도 재가입 문의드려요!	선택약정할인제도재가입조건
1376	선택약정할인제도 재신청	선택약정할인제도재가입조건
1377	선택약정할인해주세요	선택약정할인제도신청방법
1378	선택약정해줘	선택약정할인제도신청방법
1379	선택약정해지	선택약정할인제도해지방법
1380	선택약정해지위약금	T지원금약정위약금
1381	선택약정해지하면 위약금 얼만지 알려줘	T지원금약정위약금
1382	선택요금제 할인	요금할인
1383	선택적약정할인	선택약정할인제도신청방법
1384	선택할인 약정기간 내 요금제변경	선택약정할인제도해지방법
1385	선택할인적용	선택약정할인제도가입조건
1386	선택형약정할인 연장	선택약정할인제도재가입조건
1387	설전에 구매했는데 홍삼이벤트있었나요	이벤트
1388	세금계산서	세금계산서신청방법
1389	세금계산서 발행 요청	세금계산서신청방법
1390	세금계산서 발행을 하고 싶어요	세금계산서재발행방법
1391	세금계산서 발행해줘	세금계산서재발행방법
1392	세금계산서발행	세금계산서재발행방법
1393	소리샘	소리샘
1394	소애결제 미리결제	소액결제실시간계좌이체선결제
1395	소애결제 선결제	소액결제실시간계좌이체선결제
1396	소액결재 신청	소액결제이용가능대상
1397	소액결재 차단	소액결제이용제한방법
1398	소액결재 차단해지 방법 알려줘	자동소액결제차단해제방법
1399	소액결재 한도상향 안되나요	소액결제한도변경방법
1400	소액결재한도변경?	소액결제한도변경방법
1401	소액결제 한도변경	소액결제한도변경방법
1402	소액결제 가능하게 해주세요	소액결제한도변경방법
1403	소액결제 가입해주세요	소액결제이용가능대상
1404	소액결제 가입해줘	소액결제이용가능대상
1405	소액결제 고액차단	소액결제이용제한방법
1406	소액결제 동의	소액결제이용제한해제방법
1407	소액결제 미리	소액결제실시간계좌이체선결제
1408	소액결제 미리 내고싶어	소액결제실시간계좌이체선결제
1409	소액결제 미리납부하기	소액결제실시간계좌이체선결제
1410	소액결제 변경할라고하는대 자꾸 동일한도등급으로 불가하다고 뜨네요 왜그러죠	소액결제한도변경방법
1411	소액결제 상세내역 알려줘	소액결제구매내역확인방법
1412	소액결제 상세내용	소액결제구매내역확인방법
1413	소액결제 상향	소액결제한도변경방법
1414	소액결제 선결제	소액결제실시간계좌이체선결제
1415	소액결제 선결제 계좌	소액결제실시간계좌이체선결제
1416	소액결제 선결제 도와줘	소액결제실시간계좌이체선결제
1417	소액결제 선결제 해줘	소액결제실시간계좌이체선결제
1418	소액결제 선결제가 왜 안되요?	소액결제실시간계좌이체선결제
1419	소액결제 선입금가능 한가요?	소액결제실시간계좌이체선결제
1420	소액결제 신청해야하나요	소액결제이용가능대상
1421	소액결제 이용	소액결제이용제한해제방법
1422	소액결제 이용금액 한도	소액결제한도확인방법
1423	소액결제 이용한도	소액결제한도확인방법
1424	소액결제 이용한도 하향 이유 말해줘	소액결제한도확인방법
1425	소액결제 이용한도 해제	소액결제한도변경방법
1426	소액결제 일부 납부	소액결제실시간계좌이체선결제
1427	소액결제 차단	소액결제이용제한방법
1428	소액결제 차단 풀기	자동소액결제차단해제방법
1429	소액결제 차단 풀어주세요	자동소액결제차단해제방법
1430	소액결제 차단 풀어줘	자동소액결제차단해제방법
1431	소액결제 차단 해제	자동소액결제차단해제방법
1432	소액결제 차단을 풀고싶어요	소액결제이용제한해제방법
1433	소액결제 차단하기	소액결제이용제한방법
1434	소액결제 차단해제	자동소액결제차단해제방법
1435	소액결제 한도	소액결제한도확인방법
1436	소액결제 한도 늘려줘	소액결제한도변경방법
1437	소액결제 한도 늘릴 수 있어?	소액결제한도변경방법
1438	소액결제 한도 변경	소액결제한도변경방법
1439	소액결제 한도 변경이 안됩니다	소액결제한도변경
1440	소액결제 한도 변경이 왜 안되나요	소액결제한도변경
1441	소액결제 한도 상승	소액결제한도변경방법
1442	소액결제 한도 상향	소액결제한도변경방법
1443	소액결제 한도 알려줘	소액결제한도확인방법
1444	소액결제 한도가 변경이 안돼	소액결제한도변경방법
1445	소액결제 한도변경이 안되요	소액결제한도변경방법
1446	소액결제 한도상향	소액결제한도변경
1447	소액결제 한도상향가능한지요	소액결제한도변경방법
1448	소액결제 한도알려줘	소액결제한도확인방법
1449	소액결제 한도종올려줄수잇나요	소액결제한도변경방법
1450	소액결제 해제해줘	자동소액결제차단방법
1451	소액결제 해지	소액결제취소방법
1452	소액결제가 안되	소액결제한도확인방법
1453	소액결제금액 한도변경	소액결제한도변경방법
1454	소액결제내역 알려줘	소액결제구매내역확인방법
1455	소액결제내용	소액결제구매내역확인방법
1456	소액결제동의방법좀알려주세요	소액결제이용가능대상
1457	소액결제만 결제	소액결제실시간계좌이체선결제
1458	소액결제만 납부	소액결제실시간계좌이체선결제
1459	소액결제문의	소액결제한도변경방법
1460	소액결제변경해줘	소액결제한도변경방법
1461	소액결제부분만 미리 결제할 수 있나요	소액결제실시간계좌이체선결제
1462	소액결제선결제	소액결제실시간계좌이체선결제
1463	소액결제차단	소액결제이용제한방법
1464	소액결제차단풀기	자동소액결제차단해제방법
1465	소액결제차단해제	자동소액결제차단해제방법
1466	소액결제차단해지	자동소액결제차단해제방법
1467	소액결제취소	소액결제취소방법
1468	소액결제한도	소액결제한도확인방법
1469	소액결제한도 22만원은 안되나요?	소액결제한도변경방법
1470	소액결제한도 변경	소액결제한도변경
1471	소액결제한도 상향	소액결제한도변경방법
1472	소액결제한도변경	소액결제한도변경방법
1473	소액결제한도상향	소액결제한도변경방법
1474	소액결제한도올리기	소액결제한도변경방법
1475	소액결제해지	소액결제이용제한방법
1476	소액금액 결제내용 알려줘	소액결제구매내역확인방법
1477	소액한도	소액결제한도확인방법
1478	수신거부	개별통화수신거부신청방법
1479	스마일카드 요금할인이되나요?	제휴카드할인
1480	스마트공인인증	공인인증서등록방법
1481	스마트워치 요금제	5G스마트워치TAB할인
1482	스마트콜픽 해제	스마트콜Pick해지방법
1483	스미트콜픽	스마트콜Pick신청방법
1484	스팸정보차단	스팸문자차단방법
1485	슬림으로 변경하면 청구금액이 얼만가요?	슬림요금제
1486	슬림으로 요금제 변경	요금제변경방법
1487	신규가입후 소액결제 한도 얼마까지 가능?	소액결제한도확인방법
1488	신용카드 바꿀래	자동납부등록및변경
1489	실버요금제	뉴실버요금제
1490	실시간 소액결제내용	소액결제구매내역확인방법
1491	실시간 요금조회 할인요금	나의혜택/할인
1492	실시간 위약금	T지원금약정위약금
1493	실시간계좌이체	실시간계좌이체방법
1494	실시간납부	통신과금선결제이용방법
1495	싱담원 연결	전화상담사연결
1496	싼 요금제 없음?	요금제리스트
1497	아 그래서 소액결제 변경이 안돼 ?	소액결제한도변경방법
1498	아내명의 신용카드로 자동이체 신청하려면	자동납부등록및변경
1499	아니 폰비 납부하는 날짜를 바꾸고싶다고	요금납부일변경방법
1500	아들 요금은 얼마나 나왔어?	자녀요금조회방법
1501	아이들껏두 알수 있나요?	자녀요금조회방법
1502	아이패드	태블릿데이터사용
1503	아이패드 개통	태블릿데이터사용
1504	아이패드 공유	데이터공유
1505	아이패드 데이타	태블릿데이터사용
1506	아이패드 데이터	태블릿데이터사용
1507	아이패드 데이터 공유 가능할까?	데이터공유
1508	아이패드 테더링	데이터함께쓰기
1509	아이폰 12프로 기기변경	임대폰/기기변경
1510	아이폰 파손 보험 핳인	T아이폰케어
1511	아이폰 파손보험 종류	T아이폰케어
1512	아이폰케어 상품 사용방법 알려줘	T아이폰케어신청방법
1513	안내원 전화	전화상담사연결
1514	안녕하세요 가족합산 할인 문의드립니다.	T끼리온가족할인
1515	안녕하세요 부가사용금액 12먄원 내역을 알려주시기 바랍니다	부가서비스내역확인방법
1516	안사람이 언택트22요금제 사용시 가족모아데이터 서비스에 가입할수 있나요?	T가족모아신청방법
1517	안심음성요금 충전	팅/쿠키즈/안심음성요금자동충전
1518	안심키퍼부가서비스해지	안심키퍼해지방법
1519	애플 5900원 1200원먼가요?	애플DCB결제내역확인방법
1520	애플워치 6를 사용하고자하는데 요금제가 따로 있나요	5G스마트워치TAB할인
1521	애플워치 요금제	5G스마트워치TAB할인
1522	액정 언제끝나?	잔여약정기간조회방법
1523	액정파손	파손보상
1524	액정화면 파손 수리보험처리 방법	보험보상
1525	앤 데이터	FLO앤데이터
1526	약정	T지원금약정
1527	약정 가입	선택약정할인제도신청방법
1528	약정 갱신	선택약정할인제도재가입조건
1529	약정 갱신 방법 알려줘	선택약정할인제도재가입조건
1530	약정 계약기간	잔여약정기간조회방법
1531	약정 기간이 끝났는데 재약정은 어떻게 합니까?	선택약정할인제도재가입조건
1532	약정 남은 거 한꺼번에 처리할려고 생각 중 인데 어떻게 해야하나요	할부금중도납부방법
1533	약정 남은거 알려줘	잔여약정기간조회방법
1534	약정 만료되면 전화나 데이터 못써?	선택약정만료SMS발송시기
1535	약정 몇개월?	잔여약정기간조회방법
1536	약정 알려줘	잔여약정기간조회방법
1537	약정 언제끝나?	잔여약정기간조회방법
1538	약정 얼마 남았니	잔여약정기간조회방법
1539	약정 얼마 남았어?	잔여약정기간조회방법
1540	약정 얼마나 나왔어?	잔여약정기간조회방법
1541	약정 얼마나 남아있나요	잔여약정기간조회방법
1542	약정 얼마나 남았어	잔여약정기간조회방법
1543	약정 얼마나 남았어?	잔여약정기간조회방법
1544	약정 위약금	T지원금약정위약금
1545	약정 있는데 기변하게되면 약정반환금 있나요?	선택약정할인제도승계조건
1546	약정 종료일	잔여약정기간조회방법
1547	약정 할인 신청 방법?	선택약정할인제도신청방법
1548	약정 해지	선택약정할인제도해지방법
1549	약정 해지하면 위약금 얼마나 나올까요	T지원금약정위약금
1550	약정 해지하면 위약금 얼마를 물어야하나요?	T지원금약정위약금
1551	약정가입	요금약정할인제도
1552	약정가입하기	각종약정
1553	약정금액 계샄	약정할인기기상환정보
1554	약정기간	잔여약정기간조회방법
1555	약정기간 알려줘	잔여약정기간조회방법
1556	약정기간 얼마나 남았어	잔여약정기간조회방법
1557	약정기간 얼마나 남았어?	잔여약정기간조회방법
1558	약정기간 종료	잔여약정기간조회방법
1559	약정기간알려줘	잔여약정기간조회방법
1560	약정기간언제야?	잔여약정기간조회방법
1561	약정기간이 끝났는데 다시 걸 수 있는 방법 알려줘	선택약정할인제도재가입조건
1562	약정시 예상 요금	선택약정할인제도신청방법
1563	약정알려줘	잔여약정기간조회방법
1564	약정언제끝나?	잔여약정기간조회방법
1565	약정얼마나남았어?	잔여약정기간조회방법
1566	약정연장 알려줘	선택약정할인제도재가입조건
1567	약정은 얼마 남았어?	잔여약정기간조회방법
1568	약정이 언제까지	약정할인기기상환정보
1569	약정이 언제까지야?	잔여약정기간조회방법
1570	약정일	잔여약정기간조회방법
1571	약정재가입하고싶어요	선택약정할인제도재가입조건
1572	약정재계약하는방법알려줘	선택약정할인제도재가입조건
1573	약정하고 싶은데 어떻게 하나요	선택약정할인제도신청방법
1574	약정할부금액 알려줘	잔여할부조회방법
1575	약정할인	선택약정할인제도신청방법
1576	약정할인 다음달 만기라 다시 가입하고싶어요	선택약정할인제도재가입조건
1577	약정할인 무늬	요금약정할인제도
1578	약정할인 문의	요금약정할인제도
1579	약정할인 받고 싶어	선택약정할인제도신청방법
1580	약정할인 신청	선택약정할인제도신청방법
1581	약정할인 안된건가요?	약정할인기기상환정보
1582	약정할인 연장	선택약정할인제도재가입조건
1583	약정할인 연장하고싶어요	선택약정할인제도재가입조건
1584	약정할인 연장하려면	선택약정할인제도재가입조건
1585	약정할인25%기한이 언제까진가요	잔여약정기간조회방법
1586	약정할인받기	요금약정할인제도
1587	약정할인변경	선택약정할인제도약정기간변경
1588	약정할인이 되고있어?	잔여약정기간조회방법
1589	약정할인이뭐야	요금약정할인제도
1590	약정해지	선택약정할인제도해지방법
1591	약정해지하고 싶어	선택약정할인제도해지방법
1592	약정활인	요금약정할인제도
1593	어느 통장으로 나가?	자동납부등록및변경
1594	어르신 요금제	T끼리어르신요금제
1595	어린이요금추천	요금제리스트
1596	어제 제가 납부한 소액결제는 몇월꺼인가여	휴대폰소액결제
1597	어제자로 소액결제 금액을 납부했는디	요금납부내역확인방법
1598	언제 결제해	요금납부일변경방법
1599	언제 납부되나요	요금납부일변경방법
1600	언제 내야돼?	요금납부일변경방법
1601	언제 부터 5G 요금사용했나요	나의가입정보
1602	언제 빠져나가?	요금납부일변경방법
1603	언제 빠져나가요?	요금납부일변경방법
1604	언제 요금 납부일인가요?	요금납부일변경방법
1605	언제 요금제 바꿀수있어?	요금제변경방법
1606	언제 청구돼?	요금납부일변경방법
1607	언제 할부 끝나	잔여할부조회방법
1608	언제까지 납부해야돼?	요금납부일변경방법
1609	언제까지 납부해야되?	요금납부일변경방법
1610	언제까지 내야돼?	잔여할부조회방법
1611	언제까지 않내면 미납이 되나요?	미납이용정지
1612	언제까지 요금내지?	요금납부일변경방법
1613	언제까지납부	요금납부일변경방법
1614	언제부터 위약금 없어?	잔여약정기간조회방법
1615	언제부터 skt 이용했어?	나의가입정보
1616	언택트38 요금제 변경	요금제변경방법
1617	언택트38 요금제 변경 가능해?	요금제변경방법
1618	연간누적혜택이 왜 0원이죠?	나의혜택/할인
1619	연체가산금	연체가산금
1620	연체가산금이 왜있어?	연체가산금
1621	연체되면 어떡하죠?	미납이용정지
1622	영상통화부가	영상통화요금
1623	영상통화추가	영상통화요금
1624	영플랜 스몰사용중인데	0플랜스몰요금제
1625	예상 위약금	T지원금약정위약금
1626	오늘 요금이 빠지나요	요금납부일변경방법
1627	오늘부터 lte 안심옵션 적용되나요?	LTE팅안심옵션
1628	오늘휴대폰결제 신청했는데 결제가안돼네요	소액결제이용가능대상
1629	오큘러스	오큘러스
1630	오큘러스 퀘스트2 체험 할 수 있는 곳 있나요?	오큘러스
1631	온가족	온가족할인신청방법
1632	온가족 플랜	New온가족플랜신청방법
1633	온가족30%할인 적용된 요금이ㄴ가요	온가족할인율확인방법
1634	온가족결합 이용년수는?	온가족할인가입년수확인
1635	온가족데이터 나눠쓰기	가족나눔데이터나눠쓰기
1636	온가족프데이터계속사용해도돼요	TB끼리온가족프리
1637	온가족프리데이터계속사용해도돼요	TB끼리온가족프리
1638	온가족플랜	온가족행복플랜
1639	온가족플랜 월 할인금액이 얼마인가요?	온가족할인율확인방법
1640	온가족플랜 재결합	결합상품가족등록
1641	온가족플랜 추가 가입하기	NEW온가족플랜
1642	온가족플랜 할인은 누가받나요	온가족할인율확인방법
1643	온가족플랜 회선 해지되었는데 왜그런거죠?	온가족행복플랜
1644	온가족할인 가입년수?	온가족할인가입년수확인
1645	온가족할인 기간 30년 적용시점을 알고싶습니다!	온가족할인가입년수확인
1646	온가족할인 받기위한 가입년수 어떻게 돼?	온가족할인가입년수확인
1647	온가족할인 총 가입년수 알려죠	온가족할인가입년수확인
1648	온가족할인 총 몇년인지요	온가족할인가입년수확인
1649	온가족할인가입	온가족할인신청방법
1650	온가족할인가입방법	온가족할인신청방법
1651	온가족할인과 장애인할인 중복	복지할인
1652	온가족할인과 장애인할인중복 되나요	장애인복지할인
1653	온가족할인요금제	온가족할인신청방법
1654	옵션/할인	월별상세할인내역
1655	완납	할부금중도납부방법
1656	왜 요금이 많은가요?	실시간요금상세내역
1657	왜 플로요금이 나왓지~?	나의부가서비스
1658	요금 결제 계좌변경	계좌정보수정
1659	요금 결제일 변경하고싶어	요금납부일변경방법
1660	요금 날짜 변경	요금납부일변경방법
1661	요금 납부 계좌 변경	요금납부방법확인
1662	요금 납부 날자	요금납부일변경방법
1663	요금 납부 날짜	요금납부일변경방법
1664	요금 납부 날짜 변경	요금납부일변경방법
1665	요금 납부 됐어?	요금납부내역확인방법
1666	요금 납부 방법 변경	요금납부방법확인
1667	요금 납부 방식 변경	요금납부방법확인
1668	요금 납부 변경	요금납부방법확인
1669	요금 납부 언제돼?	요금납부일변경방법
1670	요금 납부 일자	요금납부일변경방법
1671	요금 납부기간이 언제까지 인가요,	요금납부일변경방법
1672	요금 납부기간이 언제까지 인가요,<br>	요금납부일변경방법
1673	요금 납부일 변경	요금납부일변경방법
1674	요금 납부일 알려줘	요금납부일변경방법
1675	요금 납부일은 언제야?	요금납부일변경방법
1676	요금 냈는데 또 나갔어요	이중납부
1677	요금 변경	요금제변경방법
1678	요금 변경할래	요금제변경방법
1679	요금 상품명	요금제리스트
1680	요금 안내서	요금안내서설정
1681	요금 약정 할인 6개월 추가 한적이없는데	요금약정할인제도
1682	요금 약정할인	요금약정할인제도
1683	요금 언제 내야해	요금납부일변경방법
1684	요금 언제 빠져?	요금납부일변경방법
1685	요금 언제 빠지지	요금납부일변경방법
1686	요금 언제까지 내야되	요금납부일변경방법
1687	요금 언제나가	요금납부일변경방법
1688	요금 자동 납부일을 알려줘	요금납부일변경방법
1689	요금 자동납부 계좌를 변경하고 싶어요	자동납부등록및변경
1690	요금 자동납부 계좌를 부모님 명의 계좌로 변경하고 싶어요	자동납부등록및변경
1691	요금 자동이체	자동납부등록및변경
1692	요금 좀더나추자요	SK텔레콤할인혜택
1693	요금 청구 날짜	요금납부일변경방법
1694	요금 할부 얼마남았어 ?	잔여할부조회방법
1695	요금 할인 금액	요금할인
1696	요금 할인금액에 대해서 자세히 설명해줘	요금할인
1697	요금 할인내역을 알고싶어	월별상세할인내역
1698	요금 할인이 이번달에도 적용되는지	요금할인
1699	요금 해킹당한듯 합니다소액결제를 이용한적이 없습니다	소액결제피해예방
1700	요금 현금영수증	현금영수증발급방법
1701	요금 환불	과납내역환불
1702	요금감면대상이 뭐야?	복지할인
1703	요금감면신청	복지할인
1704	요금결제며칠인가요?	요금납부일변경방법
1705	요금결제방식변경	요금납부방법확인
1706	요금고지서 수령 주소를 바꾸고 싶어요	청구주소변경방법
1707	요금납부 22일인데 자동결재 진행이 안됩니다	요금납부내역확인방법
1708	요금납부 고객센터 번호가 뭔가요?	전화상담사연결
1709	요금납부 방법 변경	요금납부방법확인
1710	요금납부 변경	요금납부방법확인
1711	요금납부 변경문의	요금납부방법확인
1712	요금납부 일자	요금납부일변경방법
1713	요금납부 카드를 바꾸어, 삼성카드 웰컴 이벤트 혜택을 받으려고 합니다.	제휴카드할인
1714	요금납부 현금영수증	현금영수증발급방법
1715	요금납부 현금영수증 방법	현금영수증발급방법
1716	요금납부기록	요금납부내역확인방법
1717	요금납부날자 변경	요금납부일변경방법
1718	요금납부날짜	요금납부일변경방법
1719	요금납부날짜정하기	요금납부일변경방법
1720	요금납부내역	요금납부내역확인방법
1721	요금납부내역중 플러스서비스는 어떤 내용항목인가요	나의부가서비스
1722	요금납부방법	요금납부방법확인
1723	요금납부방법 변경	요금납부방법확인
1724	요금납부방법 변경 알려줘	요금납부방법확인
1725	요금납부변경	요금납부방법확인
1726	요금납부수단 변경	요금납부방법확인
1727	요금납부연기	요금납부일변경방법
1728	요금납부연장	요금납부일변경방법
1729	요금납부일 변경	요금납부일변경방법
1730	요금납부일 알려줘	요금납부일변경방법
1731	요금납부일?	요금납부일변경방법
1732	요금납부일변경	요금납부일변경방법
1733	요금납부일이 언제인가요?	요금납부일변경방법
1734	요금납부카드 변경	요금납부방법확인
1735	요금납부카드 변경했는데 언제 적용되나요	요금납부방법확인
1736	요금납부확인서	요금납부내역확인방법
1737	요금내역서 알려줘	실시간요금상세내역
1738	요금냈는데 발신정지 안풀어줘?	미납이용정지
1739	요금미리납부	통신과금선결제이용방법
1740	요금변경	요금제변경방법
1741	요금변경 가능 일자	요금제변경가능일알림서비스
1742	요금변경시 추가요금	요금제변경방법
1743	요금비교	요금제비교
1744	요금선결제	통신과금선결제이용방법
1745	요금선납	통신과금선결제이용방법
1746	요금선택할인 문의	선택약정할인제도신청방법
1747	요금안내서	요금안내서설정
1748	요금안내서 안나와요	요금안내서설정
1749	요금약정할인	요금약정할인제도
1750	요금약정할인 선택 어디서	선택약정할인제도신청방법
1751	요금약정할인 선택 어디서	요금약정할인제도
1752	요금약정할인 적용 안되어 있는 이유	요금약정할인제도
1753	요금약정할인신청	선택약정할인제도신청방법
1754	요금약정할인제도	요금약정할인제도
1755	요금약정할인제도가 뭔가요?	요금약정할인제도
1756	요금약정힐인 연장하는법	선택약정할인제도재가입조건
1757	요금에 나온 콘텐츠는 이용하지 않았는데요	콘텐츠구매내역확인방법
1758	요금은 5만원 상당인데 왜 59800원이나갔죠?	부가세포함
1759	요금은 언제 청구돼?	요금납부일변경방법
1760	요금을 줄일 수 있는 방법은?	요금할인
1761	요금이 두번 빠져나갔어	이중납부
1762	요금이 여즘 많이 나오네요	요금기준
1763	요금이 이중출금	이중납부
1764	요금이 중복 납부됐어요	이중납부
1765	요금이 중복되서 납부되었습니다	이중납부
1766	요금이 중복으로 납부되었습니다.	이중납부
1767	요금이 청구된거보다 더 많이 출금됐어	과납내역환불
1768	요금이체납부일	요금납부일변경방법
1769	요금자동이체	자동납부등록및변경
1770	요금재를바꾸려고합니다	요금제변경방법
1771	요금저변경	요금제변경방법
1772	요금제	요금제리스트
1773	요금제 변경하고 싶어요	요금제변경방법
1774	요금제 0플랜 미디움으로 바꾸면 요금 얼마나와?	0플랜미디엄요금제
1775	요금제 갱신	요금제변경방법
1776	요금제 기간	가입정보조회
1777	요금제 기한 얼마 남았어?	요금제변경가능일알림서비스
1778	요금제 바꾸고 싶어	요금제변경방법
1779	요금제 바꾸고 싶은데	요금제변경방법
1780	요금제 바꾸고싶어	요금제변경방법
1781	요금제 바꾸기?	요금제변경방법
1782	요금제 바꾸기전과 바꾼 후 비교	요금제비교
1783	요금제 바꾸는법	요금제변경방법
1784	요금제 바꾸라고하는뎌요	요금제변경방법
1785	요금제 바꾸려면 어디다 전해?	요금제변경방법
1786	요금제 바꿀 수 있는 날짜가 언제부터야?	요금제변경가능일알림서비스
1787	요금제 바꿔	요금제변경방법
1788	요금제 바꿔줘	요금제변경방법
1789	요금제 변격	요금제변경방법
1790	요금제 변경 가능기간	요금제변경방법
1791	요금제 변경 가능한가요?	요금제변경방법
1792	요금제 변경 문의	요금제변경방법
1793	요금제 변경 방법 알려줘	요금제변경방법
1794	요금제 변경 시 위약금	T지원금약정위약금
1795	요금제 변경 시기	요금제변경가능일알림서비스
1796	요금제 변경 어떻게 해?	요금제변경방법
1797	요금제 변경 언제 가능하지?	요금제변경가능일알림서비스
1798	요금제 변경 언제가능해	요금제변경가능일알림서비스
1799	요금제 변경 언제부터 가능해?	요금제변경가능일알림신청방법
1800	요금제 변경 예약	요금제변경가능일알림서비스
1801	요금제 변경 요금	요금제변경방법
1802	요금제 변경 주의사항	요금제변경방법
1803	요금제 변경 추천	데이터요금제추천
1804	요금제 변경 하고 싶습니다.	요금제변경방법
1805	요금제 변경가능한가요	요금제변경방법
1806	요금제 변경내역	가입정보조회
1807	요금제 변경됏나요	나의가입정보
1808	요금제 변경됬나요?	본인요금제확인방법
1809	요금제 변경시켜줘	요금제변경방법
1810	요금제 변경으로 FLO 해지하려	FLO앤데이터해지방법
1811	요금제 변경을 하려합니다~	요금제변경방법
1812	요금제 변경일	요금제변경가능일알림서비스
1813	요금제 변경하고 싶어	요금제변경방법
1814	요금제 변경하고 싶은데요	요금제변경방법
1815	요금제 변경하고자 합니다	요금제변경방법
1816	요금제 변경하는 법	요금제변경방법
1817	요금제 변경하려고 해	요금제변경방법
1818	요금제 변경하면 웨이브 이용료 얼마나 추가되나요?	wavve
1819	요금제 변경할래	요금제변경방법
1820	요금제 변경할수있어?	요금제변경방법
1821	요금제 변경해줘	요금제변경방법
1822	요금제 변경했는데 약정할인은 그대로 유지되는 거죠?	잔여약정기간조회방법
1823	요금제 비교	요금제비교
1824	요금제 비교하고싶어	요금제비교
1825	요금제 알려줘	본인요금제확인방법
1826	요금제 어떻게 바꿔	요금제변경방법
1827	요금제 어떻게 바꿔?	요금제변경방법
1828	요금제 언제 바꿀 수 있어?	요금제변경가능일알림서비스
1829	요금제 언제 바꿀수있어?	요금제변경방법
1830	요금제 언제 변경할 수 있어요?	요금제변경방법
1831	요금제 예약변경	요금제변경가능일알림서비스
1832	요금제 옵션 변경	baro요금제옵션변경
1833	요금제 이름 어떻게 확인 해?	나의가입정보
1834	요금제 자동이체 설정	자동납부등록및변경
1835	요금제 전환	요금제변경방법
1836	요금제 좀 알려줘	본인요금제확인방법
1837	요금제 종료일	요금제변경가능일알림서비스
1838	요금제 종류	요금제리스트
1839	요금제 종류 알려줘	요금제리스트
1840	요금제 혜택 보는 방법 좀 알려주세요	요금할인
1841	요금제 혜택 중 웨이브 혜택을 어떻게 받아야 하나요?	wavve부가서비스인증방법
1842	요금제18000이나요	요금제리스트
1843	요금제가입	요금제변경방법
1844	요금제견경	요금제변경방법
1845	요금제는 언제부처 변경할수 있나요?	요금제변경가능일알림서비스
1846	요금제를 변경하고 싶은데 횟수초과라고 하네요	요금제변경방법
1847	요금제를 변경하면 적용은 바로 되나요	요금제변경방법
1848	요금제를 변경했는데 부가서비스나 혜택등 바뀐내용이 있나요?	나의혜택/할인
1849	요금제를 스몰에서 티플랜세이브로 변경했는데 선택약정할인은 유지되는건가요	잔여약정기간조회방법
1850	요금제바꾸기	요금제변경방법
1851	요금제변견	요금제변경방법
1852	요금제변결	요금제변경방법
1853	요금제변경	요금제변경방법
1854	요금제변경 당일 취소가능하니	요금제변경방법
1855	요금제변경 신청하려합니다~	요금제변경방법
1856	요금제변경 언제 가능한가요?	요금제변경가능일알림서비스
1857	요금제변경가능일?	요금납부일변경방법
1858	요금제변경문의	요금제변경방법
1859	요금제변경을 하고싶습니다.	요금제변경방법
1860	요금제변경하고싶어요	요금제변경방법
1861	요금제변경하기	요금제변경방법
1862	요금제변경할래	요금제변경방법
1863	요금제변경해주세요	요금제변경방법
1864	요금제슬림	슬림요금제
1865	요금제안내	요금제리스트
1866	요금제알려줘	본인요금제확인방법
1867	요금제할인	SK텔레콤할인혜택
1868	요금제할인방법	나의혜택/할인
1869	요금좀 깍아주면 안되나요?	SK텔레콤할인혜택
1870	요금지로 집으로 안날라오개하는방법좀	청구주소변경방법
1871	요금출금일	요금납부일변경방법
1872	요금할인	요금할인
1873	요금할인 25%	선택약정할인제도신청방법
1874	요금할인 방법	요금할인
1875	요금할인 방법?	나의혜택/할인
1876	요금할인 알려줘	요금할인
1877	요금할인상담	요금약정할인제도
1878	요금할인카드안내	제휴카드할인
1879	요금할인쿠폰	요금할인
1880	요금해지	회선해지방법
1881	요금해지 위약금	T지원금약정위약금
1882	요긍제변경	요금제변경방법
1883	요즘제 할인	요금할인
1884	우약정포인트사용방법	무약정플랜포인트내역
1885	워치 구매	5G스마트워치TAB할인
1886	워치 요금제	요금제리스트
1887	워치 해지	회선해지방법
1888	워치할부	기기상환상세정보
1889	월 5천원 데이타 추가요금	데이터추가사용방법
1890	월별 요금 납부확인	요금납부내역확인방법
1891	웨이브	wavve
1892	웨이브 가입할라	wavve
1893	웨이브 무료	나의부가서비스
1894	웨이브 무료이용	wavve프로모션혜택
1895	웨이브 요금	wavve
1896	웨이브 요금부과	나의부가서비스
1897	웨이브 이용권 해지	wavve상품해지방법
1898	웨이브 콘텐츠 패ㄱ	wavve콘텐츠팩가입방법
1899	웨이브 콘텐츠 팩	wavve콘텐츠팩가입방법
1900	웨이브 할인 적용 언제까지	wavve프로모션혜택
1901	웨이브 해지 하려고 합니다	wavve앤데이터해지방법
1902	웨이브 해지는 어떻게하나요?	wavve상품해지방법
1903	웨이브 해지하는거	wavve상품해지방법
1904	웨이브?	wavve앤데이터신청방법
1905	웨이브로 바꾸고싶어	wavve콘텐츠팩가입방법
1906	웨이브앤데이터	wavve앤데이터신청방법
1907	웨이브앤데이토	wavve앤데이터신청방법
1908	웨이브전용	wavve프로모션혜택
1909	웨이브전용데이터	wavve앤데이터신청방법
1910	웨이브해지	wavve상품해지방법
1911	위약	T지원금약정위약금
1912	위약금 기준	T지원금약정위약금
1913	위약금 산출확인	T지원금약정위약금
1914	위약금 알려줘	T지원금약정위약금
1915	위약금 얼마 남았어?	잔여약정기간조회방법
1916	위약금 얼마야	T지원금약정위약금
1917	위약금 얼마야?	T지원금약정위약금
1918	위약금 조회	T지원금약정위약금
1919	위약금남은금액	잔여할부조회방법
1920	위약금문의	T지원금약정위약금
1921	위약금은 얼마?	T지원금약정위약금
1922	위약금이 얼마 남았어요?	T지원금약정위약금
1923	위약금조회	T지원금약정위약금
1924	위젯	T월드위젯설치방법
1925	유.무선결합 할인은 누가받나요	결합할인
1926	유로 부과 컬러링 해지해달라구요	컬러링해지방법
1927	유료 부가서비스 해지창이 서비스 오류로 열리지않아요 해지해주세요	나의부가서비스
1928	유료부가서비스	부가서비스리스트
1929	유료부가서비스 해지	나의부가서비스
1930	유심기변	임대폰/기기변경
1931	유플러스	타통신사고객센터
1932	은행에서 돈이 인출되었다고하는데 t월드에서는 확인이 안 되요	요금납부내역확인방법
1933	은행에서는 통신요금이 인출되었다고하는데 t월드에서는 1월요금이 미납이라고해요	요금납부내역확인방법
1934	은행자동납부	자동납부등록및변경
1935	이달말일쯤 납부가능할것 같은데 정지 풀어주시면 안될까요	미납이용정지
1936	이동계약등록사용증명서	이용계약증명서발급방법
1937	이동계약등록사항증명서발급	이용계약증명서발급방법
1938	이동계약등록사항증명서발급하는법	이용계약증명서발급방법
1939	이동통신 단말기자급제 할인 받고 싶습니다	단말기자급제도
1940	이름변경	개명개칭방법
1941	이메일 청구주소 변경 어떻게해요?	청구주소변경방법
1942	이메일상담 내역	이메일상담내역
1943	이메일상담내역	이메일상담내역
1944	이번 달 요금 냈어?	요금납부내역확인방법
1945	이번 달 요금 언제내?	요금납부일변경방법
1946	이번 달 요금 자동 납부 언제야?	요금납부일변경방법
1947	이번달 결제 날짜	요금납부일변경방법
1948	이번달 부가서비스 사용내역 알려줘	부가서비스내역확인방법
1949	이번달 부가서비스 요금은	부가서비스내역확인방법
1950	이번달 부가서비스 이용내역	부가서비스내역확인방법
1951	이번달 상세요금?	월별상세할인내역
1952	이번달 소액결제 잔여 한도 알려줘	소액결제한도확인방법
1953	이번달 요금 2중결제됬는데 어떻게해?	이중납부
1954	이번달 요금 납부 되었니?	요금납부내역확인방법
1955	이번달 요금 납부되었어?	요금납부내역확인방법
1956	이번달 요금 납부일 언제야?	요금납부일변경방법
1957	이번달 요금 언제 결제되나요	요금납부일변경방법
1958	이번달 요금 언제 납부돼?	요금납부일변경방법
1959	이번달 요금 할인금액 얼마야?	월별상세할인내역
1960	이번달 요금할인 없어?	나의혜택/할인
1961	이번달에 요금 납부했는데 납부하라고 문자왔어	요금납부방법확인
1962	이번호 해지하고싶은데	회선해지방법
1963	이번호해지해줘	회선해지방법
1964	이사로 인해 티비인터넷 이전설치 요청하고싶어요	SK브로드밴드고객센터
1965	이용 정지	회선해지방법
1966	이용계약	이용계약증명서발급방법
1967	이용계약 등록사항	이용계약증명서발급방법
1968	이용계약 등록사항 증명서	이용계약증명서발급방법
1969	이용계약 등록사항 증명서 조회	이용계약증명서발급방법
1970	이용계약 증명서	이용계약증명서발급방법
1971	이용계약등록사항신청서	이용계약증명서발급방법
1972	이용계약등록사항증명서	이용계약증명서발급방법
1973	이용계약등록사항증명서 발급	이용계약증명서발급방법
1974	이용내역 증명서	이용계약증명서발급방법
1975	이용요금 감면금액은?	월별상세할인내역
1976	이용요금 일부만 결제해도 사용정지는 안되?	미납이용정지
1977	이용한도	이용한도설정
1978	이용한도 변경	이용한도설정
1979	이용한도 조회	소액결제한도확인방법
1980	이전 요금제	나의가입정보
1981	이전 요금제와 현재 요금제 비교	요금제비교
1982	이전설치 신청	유선상품설치장소변경방법
1983	이제 할부 얼마나 남았나요	잔여할부조회방법
1984	이제 핸드폰 분납액 얼마 남았어?	잔여할부조회방법
1985	이줄출금	이중납부
1986	이중 결제	이중납부
1987	이중 결제 된 것 같아요	이중납부
1988	이중 납부	이중납부
1989	이중 인출 됐어	이중납부
1990	이중 출금	이중납부
1991	이중결제	이중납부
1992	이중납부	이중납부
1993	이중납부되면 어떻게해요?	이중납부
1994	이중납부된 경우 다 환급 받을 수 있나요?	이중납부
1995	이중납부요금환불	과납내역환불
1996	이중인출	이중납부
1997	이중인출된 경우 내역이 확인되면 이 부분 다 환급 받을 수 있나요??	이중납부
1998	이중인출이됐는데 어찌하나요	이중납부
1999	이중출금	이중납부
2000	이중출금 문의	이중납부
2001	이중출금 환불	이중납부
2002	이중출금문의	이중납부
2003	이중출금이 됐어요	이중납부
2004	이중출금이됐어요	이중납부
2005	이중출금취소	이중납부
2006	이체일	요금납부일변경방법
2007	인터넷	인터넷요금제
2008	인터넷 요금은?	인터넷요금제
2009	인터넷 가입 정보	가입정보조회
2010	인터넷 만기일 알려줘요	잔여약정기간조회방법
2011	인터넷 설치	인터넷상품리스트
2012	인터넷 속도알려줘	인터넷품질측정방법
2013	인터넷 약정할인 연장	선택약정할인제도재가입조건
2014	인터넷 연장	SK브로드밴드고객센터
2015	인터넷 요금 납부방법 변경	요금납부방법확인
2016	인터넷 요금 변경	인터넷전화IPTV상품변경
2017	인터넷 전화관련 상담전화번호 가르쳐주세요	인터넷전화IPTV통화품질상담
2018	인터넷 티비 요금납부 방법	SK브로드밴드고객센터
2019	인터넷 해제	인터넷전화IPTV서비스문의
2020	인터넷 휴대폰 결합할인	결합할인
2021	인터넷및TV	인터넷상품리스트
2022	인터넷신청	인터넷상품리스트
2023	인터넷요금을 무료로 이용할 방법이 없나요?	인터넷요금제
2024	인터넷이 자꾸끈김 이유가~?	인터넷전화IPTV통화품질상담
2025	인터넷일시정지 신청해줘	SK브로드밴드고객센터
2026	인터넷컴퓨터요금 알려줘	인터넷요금제
2027	인터넷해약하면 위약금을 얼마나 내야 되나요?	T지원금약정위약금
2028	일반요금제	요금제리스트
2029	일반컬러링	컬러링신청방법
2030	일부 납부 가능?	할부금중도납부방법
2031	일부만 결제해도 정지는 안되?	미납이용정지
2032	일시정지가 아니구 선택약정이요	선택약정할인제도신청방법
2033	입금계좌 변경	요금납부방법확인
2034	입금내역	요금납부내역확인방법
2035	입금확인	요금납부내역확인방법
2036	자급제폰등록	단말기자급제도
2037	자녀 보험	보험가입방법
2038	자녀 선택약정할인 가입방법	선택약정할인제도가입조건
2039	자녀 요금	자녀요금조회방법
2040	자녀 요금 결재 변경	미성년자요금제변경방법
2041	자녀 요금변경	자녀요금관리
2042	자녀 요금제 변경	미성년자요금제변경방법
2043	자녀 이용폰의 해지 위약금 안내	T지원금약정위약금
2044	자녀 핸드폰 사용요금 납부방법 변경	요금납부방법확인
2045	자녀 핸드폰 해지 위약금	T지원금약정위약금
2046	자녀들과 데이터공유방법	데이터공유
2047	자녀들꺼도 보여줘	자녀요금조회방법
2048	자녀약정	선택약정할인제도가입조건
2049	자녀요금	자녀요금조회방법
2050	자녀요금 결재 카드 변경은?	자동납부등록및변경
2051	자녀요금 납부	자녀요금조회방법
2052	자녀요금 납부방법이 뭘로 되어있는지 알려줘	자동납부등록및변경
2053	자녀요금 납부변경	자녀요금관리
2054	자녀요금납부	자녀요금조회방법
2055	자녀요금납부방법	자녀요금관리
2056	자녀요금이랑내꺼랑합친금액	자녀요금조회방법
2057	자녀요금제	자녀요금조회방법
2058	자녀폰	자녀요금조회방법
2059	자녀회선 요금제변경 방법	미성년자요금제변경방법
2060	자녀회선 요금제본경 어떻게하나요?	미성년자요금제변경방법
2061	자녀회선 요금제본경 어떻게하나요? 해외출국했는데 baro통화 82114번호 누르니 연결이 안되네요	미성년자요금제변경방법
2062	자동 납부	자동납부등록및변경
2063	자동 납부 카드 변경	요금납부방법확인
2064	자동 납부 하려면 어떻게 해야해	자동납부등록및변경
2065	자동 수신거부	개별통화수신거부방법
2066	자동결제	자동소액결제차단방법
2067	자동결제 변경	자동납부등록및변경
2068	자동계좌	자동납부등록및변경
2069	자동납부	자동납부등록및변경
2070	자동납부 건 변경	자동납부등록및변경
2071	자동납부 되었음	5G기기변경
2072	자동납부 등록한 계좌를 오늘 변경했는데요	요금납부방법확인
2073	자동납부 방법 변경	자동납부등록및변경
2074	자동납부 변경	자동납부등록및변경
2075	자동납부 수단변경	자동납부등록및변경
2076	자동납부 알려줘	자동납부등록및변경
2077	자동납부 취소하고싶어	자동납부해지
2078	자동납부기간	요금납부일변경방법
2079	자동납부되는 통장번호	자동납부등록및변경
2080	자동납부된거 알려줘	요금납부방법확인
2081	자동납부를 해지해줘	자동납부해지
2082	자동납부신청	자동납부등록및변경
2083	자동납부일이 언제야	요금납부일변경방법
2084	자동납부카드변경 하는법 알려줘	자동납부등록및변경
2085	자동납부해줘	자동납부등록및변경
2086	자동납부해지	자동납부해지
2087	자동납부현황	요금납부방법확인
2088	자동요금납부일을 조금전에 변경했는데 이번달부터 바로 적용인가요?	요금납부방법확인
2089	자동이채	자동납부등록및변경
2090	자동이채해지요	자동납부해지
2091	자동이체	자동납부등록및변경
2092	자동이체 계좌 변경	자동납부등록및변경
2093	자동이체 계좌 변경신청	자동납부등록및변경
2094	자동이체 계좌 변경했는데 왜 변경 이전 계좌에서 요금이 납부되는건가요	요금납부방법확인
2095	자동이체 계좌변경	자동납부등록및변경
2096	자동이체 계좌변경 신청	자동납부등록및변경
2097	자동이체 날짜 변경	자동납부등록및변경
2098	자동이체 날짜 언제야?	자동납부등록및변경
2099	자동이체 날짜언제야?	자동납부등록및변경
2100	자동이체 등록해제	자동납부해지
2101	자동이체 변경	자동납부등록및변경
2102	자동이체 변경신청	자동납부등록및변경
2103	자동이체 변경은요?	자동납부등록및변경
2104	자동이체 변경할래	자동납부등록및변경
2105	자동이체 신청	자동납부등록및변경
2106	자동이체 신청 어떻게 해?	자동납부등록및변경
2107	자동이체 출금기간	요금납부일변경방법
2108	자동이체 카드 바꾸려면	자동납부등록및변경
2109	자동이체 카드변경하고 싶은데요	자동납부등록및변경
2110	자동이체 해제	자동납부해지
2111	자동이체 해지	자동납부등록및변경
2112	자동이체계좌번호 좀 알려줘	자동납부등록및변경
2113	자동이체날짜 변경	자동납부등록및변경
2114	자동이체는 언제되나요	요금납부일변경방법
2115	자동이체로 핸드폰 요금이 나갔어요. 자동이체 해제하고싶습니다	자동납부해지
2116	자동이체변경	자동납부등록및변경
2117	자동이체신청	자동납부등록및변경
2118	자동이체인데	자동납부등록및변경
2119	자동이체일 변경	자동납부등록및변경
2120	자동이체일자 변경하기	자동납부등록및변경
2121	자동이체카드변경	자동납부등록및변경
2122	자동이체해지	자동납부해지
2123	자동이체해지해주세요	자동납부해지
2124	자동인출	자동납부등록및변경
2125	자동인출기간 변경	자동납부등록및변경
2126	자동전환	착신전환신청방법
2127	자세한명세서	실시간요금상세내역
2128	작년 요금	요금납부내역확인방법
2129	잔여	잔여약정기간조회방법
2130	잔여 기기할부금	잔여할부조회방법
2131	잔여 약정기간 알려줘	잔여약정기간조회방법
2132	잔여 할부	잔여할부조회방법
2133	잔여 할부 원금	잔여할부조회방법
2134	잔여 할부개월	잔여할부조회방법
2135	잔여 할부개월수 알려줘	잔여할부조회방법
2136	잔여 할부금	잔여할부조회방법
2137	잔여기간	잔여할부조회방법
2138	잔여할부	잔여할부조회방법
2139	잔여할부 기간 알고싶어요	잔여할부조회방법
2140	잔여할부금 알려줘	잔여할부조회방법
2141	잔연할부금	잔여할부조회방법
2142	잘 안터짐	통화품질상담
2143	장기 일시정지	장기일시정지
2144	장기 정지	장기일시정지
2145	장기가입은 무엇인가요?	장기가입할인제도
2146	장기가입자 할인 요금제 찾아줘	장기가입할인혜택
2147	장기일시정지	장기일시정지
2148	장기일시정지 해제	장기일시정지해제
2149	장기일시정지해제	장기일시정지해제
2150	장기정지 해제	장기일시정지해제
2151	장애인 할인	장애인복지할인
2152	재 약정 가입	선택약정할인제도재가입조건
2153	재약정	선택약정할인제도재가입조건
2154	재약정 방법	선택약정할인제도재가입조건
2155	저 가족모아 데이터 가입 못하나요?	5G가족모아데이터
2156	저 Lte 요금제 전환가능한가요?	LTE요금제
2157	저가요금제	요금제리스트
2158	저거는 다 납부한거죠?	요금납부내역확인방법
2159	저는 왜 . 게임소액결제가 . 안되나요?	소액결제이용가능대상
2160	저렴한요금	요금제리스트
2161	저렴한요금제	요금제리스트
2162	저번 달에 신용카드로 변경 했는데 이번 달 부터 신용카드로 납부되나요?	요금납부방법확인
2163	저번달 납부금 언제 빠져나가요	요금납부일변경방법
2164	저번달 소액결제 이번달 언제까지 결제해야 이중납부 안돼?	통신과금선결제이용방법
2165	저번달부가서비스	나의부가서비스
2166	저번달부가서비스내역	부가서비스내역확인방법
2167	저의 보험료는 언제까지 내면 될까요?	보험해지방법
2168	저의 요금제가 뭔가요	본인요금제확인방법
2169	전번달콘덴츠상세내역서	콘텐츠구매내역확인방법
2170	전월 데이터 무료리필쿠폰 사용해서 1.44G 사용했는데 사용료가 나왔어요쿠폰 적용 안되나요?	리필쿠폰사용내역확인방법
2171	전저세금계산서로 변경이 가능한가요??	세금계산서이메일전송
2172	전화가 꺼져 있을 때	콜키퍼신청방법
2173	전화가안돼요	휴대폰통화품질상담
2174	전화번호 바꾸고 싶어	번호변경방법
2175	전화번호 전체 바꿀수있어?	번호변경방법
2176	전화번호 확인	나의가입정보
2177	전화번호번호 변경	번호변경방법
2178	전화번호변경	번호변경방법
2179	정기결제	자동납부등록및변경
2180	정액제 컬러링	컬러링신청방법
2181	정지예정일	미납이용정지
2182	제 요금제로 웨이브를 무료로 볼 수 있나요?	나의부가서비스
2183	제 잔여mVoIP 데이터량은 얼마남았나요?	mVoIP안내
2184	제가 웨이브 채널 9900원에 월 이용할수 있는걸로 아는데요.ㅡ	wavve
2185	제가 지금 쓰는 요금제로 인해서 받는 혜택이 뭐있나요 ?flo무료사용 말구요	나의혜택/할인
2186	제가모르는 엔씨소프트에서 소액결제가 5차례에걸처 50만원이 결제되었어요	소액결제구매내역확인방법
2187	제로플랜	0플랜요금제
2188	제일싼요금제	요금제리스트
2189	제일적은요금제 알려줘	요금제리스트
2190	제휴카드	제휴카드할인
2191	젬플램스마트 요금제	ZEM플랜요금제지정번호추가
2192	조르기	데이터선물조르기방법
2193	주말엔 팅 세이브 요금제	주말엔팅세이브요금제
2194	주소 수정이 안되네요	주소및연락처변경
2195	주소변경	주소및연락처변경
2196	중고폰	중고기기변경방법
2197	중고폰개통	중고기기변경방법
2198	중도 부분납입	할부금중도납부방법
2199	중도해지 변상금	T지원금약정위약금
2200	중복 인출	이중납부
2201	중복요금	이중납부
2202	중복입금했는데 어떻게해?	이중납부
2203	중복출금	이중납부
2204	지금 0플랜 히어로로 변경했을때 내야하는 요금	0플랜히어로
2205	지금 기기변경시 위약금 유예되나요	선택약정할인제도승계조건
2206	지금 기기변경이 가능한가요?	임대폰/기기변경
2207	지금 기기변경하면 약정 얼마나 나와?	T지원금약정위약금
2208	지금 사용하고 있는 요금제 해지 시키고 싶어요	요금제변경방법
2209	지금 소액결제하면 요금은 언제 나오는거야	휴대폰소액결제
2210	지금 요금제 해지시 위약금	T지원금약정위약금
2211	지금 통신사 바꾸면 위약금 얼마나와요?	T지원금약정위약금
2212	지금 해지하면 위약금 얼마나와?	T지원금약정위약금
2213	지금번호 사용년수	나의가입정보
2214	지금보다 더 싼 요금제를 찾고있습니다	요금제리스트
2215	지금얼마까지 연장할수있어	소액결제한도변경방법
2216	지금요금납부는자동이가요?	자동납부등록및변경
2217	지금요금제랑 언택트플랜35요금제비교	요금제비교
2218	지금자동이체가요?	자동납부등록및변경
2219	지금LTE요금제로 변경가능할까?	요금제변경방법
2220	지난달 소액결제 선결제하고싶어	소액결제실시간계좌이체선결제
2221	지난달 소액결제한거 요금 결제할게	소액결제실시간계좌이체선결제
2222	지난달 핸드폰소액결제 취소건	소액결제취소방법
2223	지난달에 가족회선 추가했는데 할인혜택은 얼마나받아요?	온가족할인율확인방법
2224	지난달에 변경했는데	본인요금제확인방법
2225	지동이체	자동납부등록및변경
2226	지로 자동이체 해제	자동납부해지
2227	지원금 약정	T지원금약정
2228	지원금약정	T지원금약정
2229	지원금약정 만료	잔여약정기간조회방법
2230	지정일납부	요금납부일변경방법
2231	지켜줘서 고마워 포인트 사용법	지켜줘서고마워현역플랜포인트조회방법
2232	지하철 wifi 연결이 안돼	T와이파이존이용방법
2233	집에서 sk가 잘 안터집니다어떻게 해야할까요?	휴대폰통화품질상담
2234	집으로 지로 안나오게 하는방법	청구주소변경방법
2235	착신전환	착신전환신청방법
2236	착신전환서비스해줘	착신전환신청방법
2237	채팅 플러스 해지	채팅플러스해지방법
2238	처음폰개통한날짜	휴대폰개통일확인방법
2239	척척할인이 뭐야	척척할인신청방법
2240	첫 개통 날짜가 언제인가요	가입정보조회
2241	청구 날짜 알려줘	요금납부일변경방법
2242	청구변경	자동납부등록및변경
2243	청구서 발행 어디로?	통합청구서
2244	청구요금 중 부가사용금액에 대하여 알고싶어	부가서비스내역확인방법
2245	청구일	요금납부일변경방법
2246	청소년 가입가능한 요금제	0틴5G요금제
2247	청소년 요금제	0틴5G요금제
2248	청소년 요금제 생일 지나고	0틴5G요금제
2249	청소년 요금제 연령	0틴5G요금제
2250	청소년요금제	0틴5G요금제
2251	청소년이 가입가능한 요금제 알려주세요	0틴5G요금제
2252	총가입기간 알려줘	가입정보조회
2253	총불할상환금액	잔여할부조회방법
2254	최근납부내역	요금납부내역확인방법
2255	최근납뷰	요금납부내역확인방법
2256	최초가입	나의가입정보
2257	추가 가족 등록으루하고 싶어요	결합상품가족등록
2258	추가 약정 할인	요금약정할인제도
2259	추가 요금 할인 가능여부?	SK텔레콤할인혜택
2260	추가 혜택 대상이 뭐야	나의혜택/할인
2261	추가로 데이터 공유를 위해 가족을 등록할수 있나요?	결합상품가족등록
2262	충전허용금액변경	선불폰충전방법
2263	카드 납부 변경	요금납부방법확인
2264	카드 변경	자동납부등록및변경
2265	카드 자동이체	자동납부등록및변경
2266	카드인출일	요금납부일변경방법
2267	카드자동결제	자동납부등록및변경
2268	카드자동납부 변경해줘	자동납부등록및변경
2269	카드자동이체	자동납부등록및변경
2270	카드할인	제휴카드할인
2271	카드혜택	제휴카드할인
2272	카라이프	티카라이프개요
2273	컨덴츠이용요금한도	콘텐츠이용요금조회방법
2274	컨텐츠결제	콘텐츠이용요금실시간계좌이체선결제
2275	컨텐츠요금 해지	콘텐츠결제취소방법
2276	컨텐츠이용요금 미리내는방법	콘텐츠이용요금실시간계좌이체선결제
2277	컬러린	컬러링설정방법
2278	컬러링	컬러링신청방법
2279	컬러링 결제 수단	컬러링설정방법
2280	컬러링 바꾸는 방법을 알려줘	컬러링설정방법
2281	컬러링 부과서비스 해지해주세요	컬러링해지방법
2282	컬러링 부모님 번호 인증 후 가입 되?	컬러링신청방법
2283	컬러링 설정	컬러링설정방법
2284	컬러링 어케 함	컬러링신청방법
2285	컬러링 요금	컬러링신청방법
2286	컬러링 요금 납부 방법	요금납부내역확인방법
2287	컬러링 해지	컬러링해지방법
2288	컬러링 해지해달라구요	컬러링해지방법
2289	컬러링바꾸는법 알려줘	컬러링설정방법
2290	컬러링해지	컬러링해지방법
2291	컬러링해지방법	컬러링해지방법
2292	케어서비스 해지	T아이폰케어해지방법
2293	콘텐츠 해재해줘	콘텐츠결제취소방법
2294	콘텐츠요금 자동결제 해지	콘텐츠결제취소방법
2295	콘텐츠요금조절	콘텐츠이용한도변경방법
2296	콘텐츠이용료 결제했는데 한도는 안바뀌어?	콘텐츠한도확인방법
2297	콘텐츠이용료 한도	콘텐츠이용한도변경방법
2298	콘텐츠이용한도 0으로하기	콘텐츠이용한도변경방법
2299	콜렉트콜 수신 가능한가?	콜렉트콜차단해제방법
2300	콜렉트콜 해제	콜렉트콜차단해제방법
2301	콜렉트콜?	SKT콜렉트콜
2302	키즈폰분실파손보험가입문의	보험가입방법
2303	타사단말기 사용	중고기기변경방법
2304	탈퇴	탈퇴안내
2305	태블릿 데이터	태블릿데이터사용
2306	태블릿 요금제 변경	요금제변경방법
2307	태블릿 pc	태블릿데이터사용
2308	테이타 속도	인터넷품질측정방법
2309	통신 요금 할인카드 안내	제휴카드할인
2310	통신사 보험 해지	보험해지방법
2311	통신사 약정해서 25%할인으로 알고 있는데 가격이 적용이 안되었어요	선택약정할인제도신청방법
2312	통신사 재약정시통신요금 할인 가능한지문의합니다	선택약정할인제도재가입조건
2313	통신사를 바꾸려고 하는데 해지금이 얼마일까요	T지원금약정위약금
2314	통신서비스요금어떻게계산돠나요?	실시간요금상세내역
2315	통신요금 미납으로 이용정지되면 발신, 수신이 모두 정지되나요	미납이용정지
2316	통합공유데이터가 무엇인가요?	통합공유데이터
2317	통합청구	통합청구서
2318	통합청구 요금 얼마야	통합청구서
2319	통화내역	통화내역열람방법
2320	통화내역 팩스발송	통화내역열람방법
2321	통화대기	통화중대기신청방법
2322	통화대기중 어떻게 설정해?	통화중대기신청방법
2323	통화로 상담할께요	전화상담사연결
2324	통화문제	통화품질상담
2325	통화중 대기	통화중대기신청방법
2326	통화중 수신전화 알림	통화중대기신청방법
2327	통화중대기	통화중대기신청방법
2328	통화중대기를 신청했는데 안돼요	통화중대기신청방법
2329	통화중대기서비스	통화중대기신청방법
2330	통화중대기알림서비스 없나요?	통화중대기신청방법
2331	통화품질	휴대폰통화품질상담
2332	투넘버	넘버플러스2
2333	특이차단	스팸문자차단방법
2334	티 가족모아 데이터	T가족모아데이터
2335	티끼리 데이터 선물 조르기	데이터선물조르기방법
2336	티다이렉트로 개통했는데 홍삼이벤트가있었나요?	이벤트
2337	티다이렉트에서 개통햏는데 사은품 언제오나요	사은품조회
2338	티다이렉트에서 구매했어요	다이렉트휴대폰구매
2339	티모아 가족데이터 공유설정ㅇㅣ 제대로 됐나요?	T가족모아데이터공유설정
2340	티브로드 요금	TB인터넷
2341	티비	IPTV상품
2342	티비 가입내역	나의가입정보
2343	티비 추가 설치	IPTV상품
2344	티비 해지	TB인터넷해지방법
2345	티비시청 가능해?	나의부가서비스
2346	티비인터넷	인터넷전화IPTV서비스문의
2347	티월드 고객센터 번호	전화상담사연결
2348	티월드 비밀번호 변경은??	T월드아이디비번찾기
2349	티월드샵에서 중고폰 가입	중고기기변경방법
2350	티플랜 스페셜	T플랜스페셜요금제
2351	티플랜안심요금제	T플랜안심4G요금제
2352	팅 포인트	쿠키즈팅포인트
2353	팅 포인트 얼마나 있어?	쿠키즈팅포인트
2354	파손 보험	파손보상
2355	파손 보험 해지	보험해지방법
2356	파손보험	파손보상
2357	파손보험 상품	보험가입방법
2358	파손보험 할인	5GX휴대폰보험할인
2359	파손보험가입되어있는지알수있어?	나의부가서비스
2360	파손보험해제	보험해지방법
2361	파이브지 요금제 알려줘	5GX요금제
2362	판매점	지점대리점찾기
2363	포인트 사용	레인보우포인트납부예약
2364	포켓데이터량	포켓파이사용량확인방법
2365	포켓파이 해지하고 싶습니다.	포켓파이
2366	폰 가입기간	나의가입정보
2367	폰 구입비	잔여할부조회방법
2368	폰 기계 금액 얼마나 남았어?	잔여할부조회방법
2369	폰 할부 얼마나 남았어?	잔여할부조회방법
2370	폰 해지	회선해지방법
2371	폰기능상담24	폰기능상담24
2372	폰수리비청구	파손보상
2373	폰요금 냈는데 또 빠져나갔어요	이중납부
2374	폰요금미납되어서 정지됐는대	미납이용정지
2375	폰정지	회선해지방법
2376	폴로	FLO
2377	폴로 무료를 가입했는데 왜 재생이 안되나요?	FLO
2378	폴로 해지해줘	FLO앤데이터해지방법
2379	표준요금제 데이터	표준요금제
2380	프리미엄임대폰 대여로 상세사항 알고싶습니다	임대폰신청방법
2381	프리미엄패스1	프리미엄패스1
2382	플로	FLO
2383	플로 무료 이용 가능해	FLO이용방법
2384	플로 무료로 이용할수있는이용권은뭐가있어??	FLO이용방법
2385	플로 부가서비스 해지 문의	나의부가서비스
2386	플로 부가서비스 해지 어떻게 하나요 ?	나의부가서비스
2387	플로 앤 데이터 할인	FLO앤데이터
2388	플로 이용권번호	FLO이용방법
2389	플로 해제	FLO앤데이터해지방법
2390	플로앤 테이터 가입	FLO앤데이터
2391	플로앤데이터	FLO앤데이터
2392	플로앤데이터 가입	FLO앤데이터
2393	플로엔데이터 가입	FLO이용방법
2394	플로요금제?	FLO앤데이터
2395	플로우 사용	FLO이용방법
2396	플로우 사용하고싶은데 왜 안되죠?	FLO
2397	플로이용권	FLO이용방법
2398	하이틴 요금제 알려주세요	0틴5G요금제
2399	한달에 데이터 얼마 받을 수 있어??	데이터선물문의
2400	한도 늘리기	소액결제한도변경방법
2401	한도 상향 방법	이용한도설정
2402	한도변경	소액결제한도변경
2403	한도변경 해주세요	소액결제한도변경방법
2404	한도변경알려줘	소액결제한도변경방법
2405	한도변경은1번밖에안되나요?	소액결제한도변경
2406	한도변경이 제한이 있네쇼	소액결제한도변경
2407	한도변경해줘	이용한도설정
2408	한도상향	소액결제한도변경
2409	한도초과후 데이터 무료	LTE데이터사용요금
2410	할부	휴대폰할부
2411	할부 개월수알려줘	잔여할부조회방법
2412	할부 계약 기간	잔여할부조회방법
2413	할부 기간	잔여할부조회방법
2414	할부 기간 알려줘	잔여할부조회방법
2415	할부 남은 기간	잔여할부조회방법
2416	할부 납부	할부금중도납부방법
2417	할부 납부가능	할부금중도납부방법
2418	할부 납부방법	할부금중도납부방법
2419	할부 납입	할부금중도납부방법
2420	할부 몇개월 남았어?	잔여할부조회방법
2421	할부 어느정도 남았어	잔여할부조회방법
2422	할부 언제 끝나	잔여할부조회방법
2423	할부 언제 끝나?	잔여할부조회방법
2424	할부 언제 끝나.?	잔여할부조회방법
2425	할부 언제 끝남?	잔여할부조회방법
2426	할부 얼마 남았어?	잔여할부조회방법
2427	할부 얼마나 남아 있어?	잔여할부조회방법
2428	할부 얼마나 남았어	잔여할부조회방법
2429	할부 얼마나 남았어?	잔여할부조회방법
2430	할부 얼마나 남었어?	잔여할부조회방법
2431	할부 얼마나남았어	잔여할부조회방법
2432	할부 원금	잔여할부조회방법
2433	할부 잔여알려줘	잔여할부조회방법
2434	할부 파기	T지원금약정위약금
2435	할부개월수	잔여할부조회방법
2436	할부개월수 알례줘	잔여할부조회방법
2437	할부금	잔여할부조회방법
2438	할부금 얼마남아나요	잔여할부조회방법
2439	할부금 결제	할부금중도납부방법
2440	할부금 남은거 알려줘	잔여할부조회방법
2441	할부금 납부	할부금중도납부방법
2442	할부금 납입	할부금중도납부방법
2443	할부금 만기	잔여할부조회방법
2444	할부금 몇개월 남았어?	잔여할부조회방법
2445	할부금 상환	할부금중도납부방법
2446	할부금 상환방법은?	할부금중도납부방법
2447	할부금 알려줘	잔여할부조회방법
2448	할부금 얼마	잔여할부조회방법
2449	할부금 얼마 남았어?	잔여할부조회방법
2450	할부금 얼마나 남았어?	잔여할부조회방법
2451	할부금 얼마남았어 ?	잔여할부조회방법
2452	할부금 얼마남았어?	잔여할부조회방법
2453	할부금 얼미남았어?	잔여할부조회방법
2454	할부금 완납	할부금중도납부방법
2455	할부금 전액 납부	할부금중도납부방법
2456	할부금 전액상환	할부금중도납부방법
2457	할부금 조회	잔여할부조회방법
2458	할부금 카드납입	할부금중도납부방법
2459	할부금 홥인	잔여할부조회방법
2460	할부금결제	할부금중도납부방법
2461	할부금남았나요?	잔여할부조회방법
2462	할부금납부	할부금중도납부방법
2463	할부금액	잔여할부조회방법
2464	할부금액 얼마 남았어?	잔여할부조회방법
2465	할부금액알려줘	잔여할부조회방법
2466	할부금완납	할부금중도납부방법
2467	할부금은?	잔여할부조회방법
2468	할부금이 언제까지?	잔여할부조회방법
2469	할부금이 얼마나 남았나요	잔여할부조회방법
2470	할부금이왜더나와있죠??	잔여할부조회방법
2471	할부금조회	잔여할부조회방법
2472	할부금핵	잔여할부조회방법
2473	할부기간	잔여할부조회방법
2474	할부기간 얼마나 남았어?	잔여할부조회방법
2475	할부끝났어?	잔여할부조회방법
2476	할부남은금액	잔여할부조회방법
2477	할부내역서	잔여할부조회방법
2478	할부는 언제끝나	잔여할부조회방법
2479	할부로 구입했어?	잔여할부조회방법
2480	할부수수료가 얼마야?	휴대폰할부
2481	할부알려줘	잔여할부조회방법
2482	할부약정	잔여약정기간조회방법
2483	할부언제끈나나요?	잔여할부조회방법
2484	할부언제끝나요	잔여할부조회방법
2485	할부얼마 남았어?	잔여할부조회방법
2486	할부얼마나남았어	잔여할부조회방법
2487	할부얼마남았어	잔여할부조회방법
2488	할부얼마남았어?	잔여할부조회방법
2489	할부원금	잔여할부조회방법
2490	할부원금 알려줘	잔여할부조회방법
2491	할부원금 얼마 남았어?	잔여할부조회방법
2492	할부원금 얼마나 남았어?	잔여할부조회방법
2493	할부원금 얼마남았어?	잔여할부조회방법
2494	할부원금 잔액확인	잔여할부조회방법
2495	할부원금 한번에 다 납부 해도 될까요	할부금중도납부방법
2496	할부원금 확인하고싶어	기기상환상세정보
2497	할부일부를 납입할수 있나요?	할부금중도납부방법
2498	할부잔여	잔여할부조회방법
2499	할부잔여기간	잔여할부조회방법
2500	할부조회	잔여할부조회방법
2501	할북기간	잔여할부조회방법
2502	할인	SK텔레콤할인혜택
2503	할인금액	월별상세할인내역
2504	할인내역	월별상세할인내역
2505	할인반환금	할인반환금조회
2506	할인반환금 얼마에요?	할인반환금조회
2507	할인받고있는 혜택 알려줘	나의혜택/할인
2508	할인받는 방법	나의혜택/할인
2509	할인요금	나의혜택/할인
2510	할인요금 얼마야?	나의혜택/할인
2511	할인율	온가족할인율확인방법
2512	할인율이 뭐가 더 있나요	요금할인
2513	할인쿠폰	나의혜택/할인
2514	할인해택	나의혜택/할인
2515	할인혜택	SK텔레콤할인혜택
2516	함께한지	나의가입정보
2517	핫스팟 나눠쓰기 데이터	데이터함께쓰기
2518	해외 정지	해외체류장기일시정지신청방법
2519	해외고객센ㅌ	T로밍고객센터
2520	해외고객센터	T로밍고객센터
2521	해외라서 인증이 안돼	로밍중인증문자수신
2522	해외로밍고객센터	T로밍고객센터
2523	해외에서 고객센터 전화 어떻게 해?	전화상담사연결
2524	해외에서 장기정지 신청할려면 구비서류에 뭐가 필요해?	장기일시정지해제
2525	해외에서 장기정지신청	해외체류장기일시정지신청방법
2526	해외에있어서 장기정지를 신청해놓은 상태입니다. 사정이있어서 잠깐 풀고싶은데 본인인증을 할 방법이 없네요. 어떡하면 좋을까요???	장기일시정지해제
2527	해외통화 내역 있어?	통화내역열람방법
2528	해지 위약금	T지원금약정위약금
2529	해지 위약금 얼마야?	T지원금약정위약금
2530	해지 하면 위약금 얼마나와?	T지원금약정위약금
2531	해지는 당사자만 가능한가요?	회선해지방법
2532	해지방버	회선해지방법
2533	해지방법	회선해지방법
2534	해지비용	T지원금약정위약금
2535	해지시 위약금	T지원금약정위약금
2536	해지시 위약금 및 이용요금은 얼마?	T지원금약정위약금
2537	해지시 위약금 얼마	T지원금약정위약금
2538	해지시 위약금은 얼마?	T지원금약정위약금
2539	해지신청	회선해지방법
2540	해지신청했는데 요금이 부과됬어요	회선해지방법
2541	해지예상조회	T지원금약정위약금
2542	해지예정액은?	T지원금약정위약금
2543	해지요망	회선해지방법
2544	해지위약금	T지원금약정위약금
2545	해지위약금 궁금해요	T지원금약정위약금
2546	해지위약금 알려줘	T지원금약정위약금
2547	해지위약금 얼마	T지원금약정위약금
2548	해지위약금 얼마야?	T지원금약정위약금
2549	해지위약금 얼마예요?	T지원금약정위약금
2550	해지위약금 조회	T지원금약정위약금
2551	해지하기	회선해지방법
2552	해지하는 방법	회선해지방법
2553	해지하는법	회선해지방법
2554	해지하면 위약금 얼마나와?	T지원금약정위약금
2555	해지할 경우 부담금 얼마야?	T지원금약정위약금
2556	해지할경우 1년정도 되었으면 위억금이 반정도 되지않구 34만원중 23만원 나오는이유가 궁금해요	T지원금약정위약금
2557	해지해주세요	회선해지방법
2558	해지해줘	회선해지방법
2559	핸드폰 결제	휴대폰소액결제
2560	핸드폰 결제 이용	소액결제이용제한해제방법
2561	핸드폰 결제 이용금액 상향하는법	소액결제한도변경방법
2562	핸드폰 결제 취소	통신과금선결제취소방법
2563	핸드폰 기기값은 이제 끝났나요? 다음달부터 청구에 없는지 문의합니다	잔여할부조회방법
2564	핸드폰 남은 할부	잔여할부조회방법
2565	핸드폰 남은 할부금액	잔여할부조회방법
2566	핸드폰 보험 들어져있니?	보험가입방법
2567	핸드폰 약정	잔여약정기간조회방법
2568	핸드폰 언제 바꿀 수 있어?	휴대폰구매방법
2569	핸드폰 완납	할부금중도납부방법
2570	핸드폰 요금 계좌납부시 무슨 소득공제를 받을수 있나요?	현금영수증발급방법
2571	핸드폰 요금 납부자 변경	요금납부방법확인
2572	핸드폰 요금 완납 됐는지 궁금해요	요금납부내역확인방법
2573	핸드폰 요금 자동이체	자동납부등록및변경
2574	핸드폰 위약금 얼마남았어?	T지원금약정위약금
2575	핸드폰 할부	잔여할부조회방법
2576	핸드폰 할부 구입했는데 일시불로 바꾸고 싶으면 어떻게?	할부금중도납부방법
2577	핸드폰 할부 기간	잔여할부조회방법
2578	핸드폰 할부 언제 끝나?	잔여할부조회방법
2579	핸드폰 할부금	잔여할부조회방법
2580	핸드폰 할부금 알려줘	잔여할부조회방법
2581	핸드폰 할부금 얼마 나왔어?	휴대폰할부
2582	핸드폰 할부금 얼마 남았어?	할부금중도납부방법
2583	핸드폰 할부금 잔액 알려줘	잔여할부조회방법
2584	핸드폰 할부금액 남아있어?	잔여할부조회방법
2585	핸드폰 할부금은 총 얼마야	잔여할부조회방법
2586	핸드폰 할부는 언제 끝나?	잔여할부조회방법
2587	핸드폰 할부얼마나남앗어?	휴대폰할부
2588	핸드폰 해지	회선해지방법
2589	핸드폰 해지 하려면 어떻게해?	회선해지방법
2590	핸드폰 해지할래	회선해지방법
2591	핸드폰결제 차단	자동소액결제차단방법
2592	핸드폰결제 한도	소액결제한도확인방법
2593	핸드폰결제사용한도를 올리고 싶어요	이용한도설정
2594	핸드폰구입비 잔액은?	잔여할부조회방법
2595	핸드폰구입비 할부 언제끝나?	휴대폰할부
2596	핸드폰번호 변경	번호변경방법
2597	핸드폰보험	보험가입방법
2598	핸드폰약정	선택약정할인제도가입조건
2599	핸드폰요금 나가는 자동이체계좌	자동납부등록및변경
2600	핸드폰요금 언제 출금 돼?	요금납부일변경방법
2601	핸드폰요금 청구 후 소액결제취소는 어떻게 되나요	소액결제취소방법
2602	핸드폰이용계약증명서	이용계약증명서발급방법
2603	핸드폰할부	휴대폰할부
2604	핸드폰할부금을 2.9일에 완납했는데환급해주시나요?	이중납부
2605	핸드폰해지	회선해지방법
2606	현금 영수증	현금영수증발급방법
2607	현금영수증	현금영수증발급방법
2608	현금영수증 발급	현금영수증발급방법
2609	현금영수증발급	현금영수증발급방법
2610	현금영수증방법	현금영수증발급방법
2611	현금영수증어떻게해?	현금영수증발급방법
2612	현금완납	할부금중도납부방법
2613	현대 스마일캐드 요금할인이 되나요	제휴카드할인
2614	현역플랜포인트	지켜줘서고마워현역플랜포인트조회방법
2615	현재 납부금액	요금납부내역확인방법
2616	현재 내요금제는?	본인요금제확인방법
2617	현재 상담 중인 회선	나의가입정보
2618	현재 약정 몇개월 남았어?	잔여약정기간조회방법
2619	현재 얼마 결제 됐어?	요금납부내역확인방법
2620	현재 요금변경하면?	요금제변경방법
2621	현재 요금제	본인요금제확인방법
2622	현재 자동이체는 어디서 진행돼?	자동납부등록및변경
2623	현재 통신비 납부 중인 카드는?	자동납부등록및변경
2624	현재 FLO만 정기적으로 사용 중인데 왜 부가서비스 금액이 나가나요?	FLO
2625	현재번호 사용기간	나의가입정보
2626	현재요금제	본인요금제확인방법
2627	현재요금제 비교	요금제비교
2628	혹시 일단 한달치 미납요금 내도 정지는 안풀리나요??	미납이용정지
2629	혹시 한도변경은1번밖에안되나요?	소액결제한도변경방법
2630	홍삼이벤트가 자동적용되는지 알고싶어요	이벤트
2631	화상통화 요금 많이나오나요	영상통화요금
2632	환불 어떻게 해?	과납내역환불
2633	활부금은?	잔여할부조회방법
2634	회산번호확인	회선관리
2635	회선	회선관리
2636	회선 또 하나더만들수있나요	회선관리
2637	회선 해지	회선해지방법
2638	회선가입	휴대폰가입
2639	회선번호 확인	회선관리
2640	회선해지	회선해지방법
2641	회원정보 변경	T아이디회원정보관리
2642	휴대번호 해지	회선해지방법
2643	휴대전화 할붐	휴대폰할부
2644	휴대폰 가격 얼마까지 내야지?	잔여할부조회방법
2645	휴대폰 가입일	나의가입정보
2646	휴대폰 결제 비밀번호서비스	휴대폰결제비밀번호신청방법
2647	휴대폰 결제 이용 동의	휴대폰결제이용동의방법
2648	휴대폰 결제 이용동의	휴대폰결제이용동의방법
2649	휴대폰 결제 이용차단	휴대폰결제이용차단신청방법
2650	휴대폰 결제 한도	소액결제한도확인방법
2651	휴대폰 구입 할부비가	잔여할부조회방법
2652	휴대폰 구입비	잔여할부조회방법
2653	휴대폰 구입비 알려줘	잔여할부조회방법
2654	휴대폰 구입비 할부 남은 기간?	잔여할부조회방법
2655	휴대폰 구입비 할부 몇 회차인지 알려줘	잔여할부조회방법
2656	휴대폰 구입비가뭐야?	잔여할부조회방법
2657	휴대폰 기기값이 완납된건지 확인하고 싶습니다	잔여할부조회방법
2658	휴대폰 남은 할부금	잔여할부조회방법
2659	휴대폰 단말 할부금 납부	할부금중도납부방법
2660	휴대폰 단말기 할부금 완납 절차	할부금중도납부방법
2661	휴대폰 번호 변경	주소및연락처변경
2662	휴대폰 약정	T지원금약정
2663	휴대폰 약정기간 알려줘	잔여약정기간조회방법
2664	휴대폰 약정은 어떻게 봐?	잔여약정기간조회방법
2665	휴대폰 언제산지 알아?	나의가입정보
2666	휴대폰 요금을 카드로 자동결재중인데,오늘 '휴대폰 요금 미납' 이라면서 1575 번호로 문자가 왔던데 무슨일인가요?	요금납부내역확인방법
2667	휴대폰 이용 결제 동의	소액결제이용제한해제방법
2668	휴대폰 일시불	할부금중도납부방법
2669	휴대폰 잔여금 알려줘	잔여할부조회방법
2670	휴대폰 잔여할부	잔여할부조회방법
2671	휴대폰 정보	나의가입정보
2672	휴대폰 정지 예정일 확인하기	미납이용정지
2673	휴대폰 지원금	공시지원금확인방법
2674	휴대폰 할부	잔여할부조회방법
2675	휴대폰 할부 끝났어?	잔여할부조회방법
2676	휴대폰 할부 상환	약정할인기기상환정보
2677	휴대폰 할부 얼마 남았어?	잔여할부조회방법
2678	휴대폰 할부금	휴대폰할부
2679	휴대폰 할부금 알려줘	잔여할부조회방법
2680	휴대폰 할부금 얼마 남았어?	잔여할부조회방법
2681	휴대폰 할부금 한번에 갚을수 있어?	할부금중도납부방법
2682	휴대폰 할부금액	잔여할부조회방법
2683	휴대폰 할부는 어떤 기종의 할부가 남은건가요?	잔여할부조회방법
2684	휴대폰 할주기간이 언제 만료되나요?	잔여할부조회방법
2685	휴대폰 해지	회선해지방법
2686	휴대폰 해지 어떻게 해?	회선해지방법
2687	휴대폰 해지하려면	회선해지방법
2688	휴대폰가입비 할부 일부 상환 가능?	할부금중도납부방법
2689	휴대폰개통날알려줘	휴대폰개통일확인방법
2690	휴대폰결제 비밀번호설정	휴대폰결제비밀번호등록방법
2691	휴대폰결제 이용동의	휴대폰결제이용동의방법
2692	휴대폰결제 이용동의 서비스 가입	소액결제이용제한해제방법
2693	휴대폰결제 이용차단	휴대폰결제이용차단신청방법
2694	휴대폰결제비밀번호설정	휴대폰결제비밀번호등록방법
2695	휴대폰결제서비스 해지되었다는데 이게 뭔가요?	휴대폰결제이용차단해지방법
2696	휴대폰결제이용동의신청	휴대폰결제이용동의방법
2697	휴대폰결제이용차단해지	소액결제이용제한해제방법
2698	휴대폰구입비	잔여할부조회방법
2699	휴대폰구입비 남은 금액 알려줘	잔여할부조회방법
2700	휴대폰구입비 남은 할부 기간은?	잔여할부조회방법
2701	휴대폰구입비 남은금액	잔여할부조회방법
2702	휴대폰구입비 상세내역	잔여할부조회방법
2703	휴대폰구입비 언제까지야	잔여할부조회방법
2704	휴대폰구입비 얼마 남았어?	잔여할부조회방법
2705	휴대폰구입비 얼마나 남았어?	잔여할부조회방법
2706	휴대폰구입비 얼마나 남있나요 ?	잔여할부조회방법
2707	휴대폰구입비 완납	할부금중도납부방법
2708	휴대폰구입비 일시금으로 낼수 있어?	할부금중도납부방법
2709	휴대폰구입비 잔액이 얼마야?	잔여할부조회방법
2710	휴대폰구입비 할부	잔여할부조회방법
2711	휴대폰구입비 할부 끝났는데 왜 계속 내나요?	잔여할부조회방법
2712	휴대폰구입비 할부 몇번 남았어?	잔여할부조회방법
2713	휴대폰구입비 할부 언제끝나?	잔여할부조회방법
2714	휴대폰구입비 할부 얼마 남았어?	잔여할부조회방법
2715	휴대폰구입비(할부)가 뭐야?	휴대폰할부
2716	휴대폰구입비가 달라요	잔여할부조회방법
2717	휴대폰구입비가 왜 나와?	잔여할부조회방법
2718	휴대폰구입비는 언제까지청구되죠	잔여할부조회방법
2719	휴대폰구입비언제끝나	잔여할부조회방법
2720	휴대폰구입비얼마남았어	잔여할부조회방법
2721	휴대폰구입비잔액	잔여할부조회방법
2722	휴대폰구입비할부	잔여할부조회방법
2723	휴대폰구입비할부금은	잔여할부조회방법
2724	휴대폰기간	잔여약정기간조회방법
2725	휴대폰기계값 완납	할부금중도납부방법
2726	휴대폰기계값언제까지야	요금납부일변경방법
2727	휴대폰기계완납	할부금중도납부방법
2728	휴대폰보험	TAll케어플러스
2729	휴대폰보험 가입	보험가입방법
2730	휴대폰보험 해지	보험해지방법
2731	휴대폰보험 헤지	보험해지방법
2732	휴대폰분납금	잔여할부조회방법
2733	휴대폰비 할부 납부	할부금중도납부방법
2734	휴대폰소액결제	휴대폰소액결제
2735	휴대폰을 해지하고 싶어	회선해지방법
2736	휴대폰이용동의	휴대폰결제이용동의방법
2737	휴대폰할부	휴대폰할부
2738	휴대폰할부 남은금액	잔여할부조회방법
2739	휴대폰할부금 잔여개월 몇개월 남았어?	잔여할부조회방법
2740	휴대폰할부기간	휴대폰할부
2741	휴대폰할부마지막은 언제	잔여할부조회방법
2742	휴대폰할부요금조회	잔여할부조회방법
2743	휴대폰해지 문의	회선해지방법
2744	휴대폰해지해줘	회선해지방법
2745	휴댄폰구입비가 왜 이렇게 많죠...	잔여할부조회방법
2746	히어로 요금제	0플랜히어로
2747	All 해지	회선해지방법
2748	b tv	IPTV상품
2749	btv	IPTV상품
2750	btv 연장	SK브로드밴드고객센터
2751	Btv가입 번호 알려줘	SK브로드밴드고객센터
2752	Btv가입날짜	가입정보조회
2753	flo	FLO
2754	flo 결제실패	FLO이용방법
2755	flo 무제한 요금제 어떻게 가입해	FLO앤데이터플러스
2756	flo 부가서비스	FLO
2757	FLO 부가서비스 가입방법	FLO이용방법
2758	Flo 부가서비스 청구 예정 금액 조회해주세요	나의부가서비스
2759	Flo 앤 데이터	FLO앤데이터
2760	Flo 앤 데이터를 공짜로 사용가능해?	FLO이용방법
2761	Flo 연결	FLO이용방법
2762	flo 요금 얼마내?	나의부가서비스
2763	flo 프로모션	FLO프로모션혜택
2764	FLO 할인	FLO프로모션혜택
2765	Flo 해지	FLO앤데이터해지방법
2766	Flo 해지해줘	FLO앤데이터플러스해지방법
2767	FLO가입해지 신청	FLO앤데이터해지방법
2768	flo는 왜 무료야?	FLO이용방법
2769	Flo무료이용?	FLO이용방법
2770	Flo앤 데이터 3gb 다 쓰면 어떡해??	FLO앤데이터
2771	flo앤데이터	FLO앤데이터
2772	Flo앤데이터다쓰면어떻게됨??	FLO앤데이터
2773	Flo이용	FLO이용방법
2774	KT공기계를SK텔레콤 사용중인USIM을 꽂아서바로사용할수있어?	중고기기변경방법
2775	kt로 바꿀래	타통신사고객센터
2776	LGU+알뜰폰 사용중인데 현재사용중인 유심으로 SK로 기기변경 할 수있나요?	중고기기변경방법
2777	Lte 느려짐	휴대폰통화품질상담
2778	Lte 데이터 나눠쓰기	데이터함께쓰기
2779	LTE 데이터 함께쓰기	데이터함께쓰기
2780	LTE 데이터 함께쓰기 사용중인데 리필쿠폰으로 충전된 데이터도 함께쓰기가 되나요?	데이터함께쓰기
2781	Lte 속도 저하	LTE속도제어
2782	LTE로 바꾸고싶어	LTE요금제
2783	lte로 변경	요금제변경방법
2784	Lte휴대폰에서 5g 요금제 가입이 가능한가요?	5GX요금제
2785	New 온가족플랜 할인혜택	NEW온가족플랜
2786	o플랜히어로	0플랜슈퍼히어로
2787	Ok cash bag	OK캐쉬백요금납부
2788	Ok캐쉬백 카드번호	멤버십카드번호확인방법
2789	Ok캐시백	OK캐쉬백요금납부
2790	Ok포인트	OK캐쉬백요금납부
2791	sk 프라임요금제 vip	5GX프라임요금제
2792	sk pay 가입 알려줘	SKPAY관리
2793	sk번호 사용 기간 알려줘	나의가입정보
2794	Sk브로드밴드	SK브로드밴드고객센터
2795	Sk브로마밴드	SK브로드밴드고객센터
2796	Sk텔레콤 가입기간은?	가입정보조회
2797	sk텔레콤 언제부터 썼어?	나의가입정보
2798	SKB	인터넷상품리스트
2799	skt 5g 프라임 wavve	wavve
2800	skt 언제부터 사용했어?	가입정보조회
2801	SKT 특정 판매점	지점대리점찾기
2802	Skt고객센터	SKT고객센터운영시간
2803	SKT이용계약등록사항증명서	이용계약증명서발급방법
2804	skt자동납부	자동납부등록및변경
2805	SKTELECOM 결제 내역을 영어 이게 뭐요???	SK텔레콤
2806	Small 요금제로 변경하고 싶은데 방법은?	요금제변경방법
2807	T AII 케어플러스150 신청가입	TAll케어플러스150
2808	T all care plus 부가서비스 해지해줘	나의부가서비스
2809	t all케어	TAll케어
2810	T all케어무엇입니까?	TAll케어플러스
2811	T+B 인터넷 년수 할인	T+B인터넷개인형
2812	T114 금액	T전화T114기능
2813	T가족모아 가입 하는법 좀 알려줘	T가족모아신청방법
2814	t가족모아데이터	T가족모아데이터
2815	T가족모아데이터 사용중인데 가족을 추가하려면?	T가족모아가족추가방법
2816	T끼리 데이터 선물 조르기	데이터선물조르기방법
2817	T끼리 맞춤형	뉴T끼리맞춤형요금제
2818	t끼리온가족할인	T끼리온가족할인
2819	t끼리온가족할인 가입	T끼리온가족할인
2820	T끼리온가족할인제도	온가족할인신청방법
2821	T끼리온가족할인제도 년수	온가족할인가입년수확인
2822	T다이렉트 가입되어있어?	T월드다이렉트이용
2823	T다이렉트 휴대폰주문	다이렉트휴대폰구매
2824	T렌탈중인데 반납하지 않고 사용하려면 어떻게 해야 하는지?	T렌탈반납방법
2825	T브로드밴드 문의	SK브로드밴드고객센터
2826	t설정	T전화설정방법
2827	T연락처 서비스종료?	T연락처이용방법
2828	T월드에 멤버쉽 번호가 멤버십앱에 있는 멤버쉽번호가 다른데 어떻게 해야하나요???	T월드
2829	T전화 사용기한	T전화baro
2830	T컬러링해지방법	컬러링해지방법
2831	t플랜	T플랜요금제
2832	T플랜 0플랜 차이점	요금제비교
2833	T플랜 가족결합	가족결합확인방법
2834	t플랜 스페셜	T플랜스페셜요금제
2835	T플랜 스페셜이라 플로우랑 웨이브 둘 다 가입했는데 둘 중 하나가 무료라고 하더라구요 혹시 웨이브를 안 써서 해지했는데 플로우를 무료로 쓸 수 있는건가요	T플랜스페셜요금제
2836	T플랜 에센스 신청	T플랜시니어에센스
2837	T플랜 에센스로 바꾸기전 요금제가 뭐였나요?	가입정보조회
2838	Tall care	TAll케어플러스
2839	Tall케어100N	TAll케어플러스i100
2840	tall케어서비스	TAll케어플러스
2841	Tb결합	TB끼리한가족할인
2842	Tday 이동	TDAY
2843	Tello se 카드 할인	롯데TELLO카드
2844	Tv 두대보려면 어케하면되나요?	인터넷전화IPTV서비스문의
2845	tv시청 가능해?	나의부가서비스
2846	Tv해지	IPTV서비스해지신청안내
2847	Usim	USIM카드구매방법
2848	Usim 기기변경	USIM기변방법
2849	USIM 기변	USIM기변방법
2850	V컬러링 말구요 듣는컬러링이요	컬러링신청방법
2851	V컬러링 해지 하고 싶은데요	나의부가서비스
2852	voip 사용내역 알려주세요	mVoIP안내
2853	volp	mVoIP안내
2854	Vr 팩	VR팩쿠폰발급방법
2855	Vr팩	VR팩배송조회방법
2856	Wav	wavve
2857	wave	wavve
2858	wave 9000원이야?	wavve
2859	wave 앤 데이터 해지	wavve앤데이터해지방법
2860	wave 해지해줘	wavve상품해지방법
2861	wave가입 해지 할수 있나요?	wavve상품해지방법
2862	WAVE해지	wavve상품해지방법
2863	Wavve	wavve
2864	wavve 데이터	wavve앤데이터신청방법
2865	wavve 서비스가입후 첫 문자다시보내줘	wavve
2866	Wavve 앤 데이터 요금이청구되었어 무료아니야?	wavve앤데이터신청방법
2867	wavve 인증	wavve부가서비스인증방법
2868	wavve 해지	wavve상품해지방법
2869	Wavve 해지해줘	wavve상품해지방법
2870	Wavve skt미디어데이터팩 혜택인증이 안됩니다	미디어&데이터팩신청방법
2871	wavve를 이용중인데 wavve&amp;flo 무제한 이용권으로 바꾸고 싶으면 어떻게 해야해??	5GX플래티넘요금제
2872	Wavve무료이용	wavve
2873	Wavve앤 데이터 요금은 얼마 나왔어?	wavve앤데이터신청방법
2874	wavve앤데이터 신청했는데 문자가 안ㅇㆍ다	wavve앤데이터신청방법
2875	weave	wavve
2876	Wwve	wavve
2877	zem플랜스마트 데이터 선물받기가 안되요	데이터선물대상
